year,round,authority,counselling_scope,rank_raw,air,rank_type,allotted_quota,college_raw,course,seat_category,candidate_category,status,source_id
2022,MOPUP,MCC,AIQ,19919,19919,AIR,Open Seat Quota,"Faculty of Dentistry, Jamia Millia Islamia, New Delhi,Faculty of Dentistry Jamia Millia Islamia A Central University Maulana Mohammad Ali Jauhar Marg, Delhi (NCT), 110025",BDS,Open,OBC,Allotted,7
2022,MOPUP,MCC,AIQ,23274,23274,AIR,Open Seat Quota,"IMS BHU Dental, Varanasi,Institute of Medical Sciences, Banaras Hindu University, Uttar Pradesh, 221105",BDS,Open,OBC,Allotted,7
2022,MOPUP,MCC,AIQ,23284,23284,AIR,Open Seat Quota,"IMS BHU Dental, Varanasi,Institute of Medical Sciences, Banaras Hindu University, Uttar Pradesh, 221105",BDS,Open,OBC,Allotted,7
2022,MOPUP,MCC,AIQ,23381,23381,AIR,All India,"FACULTY OF DEN SCI, KG MED UNIV,LUCKNOW,SHAHMINA ROAD, CHOWK,LUCKNOW, Uttar Pradesh, 226003",BDS,Open,OBC,Allotted,7
2022,MOPUP,MCC,AIQ,23612,23612,AIR,All India,"GOVT. DENTAL COLLEGE & HOSP,AHMEDABAD,NEW CIVIL HOSPITAL CAMPUS, ASARWA, AHMEDABAD, Gujarat, 380016",BDS,Open,OBC,Allotted,7
2022,MOPUP,MCC,AIQ,23818,23818,AIR,Open Seat Quota,"Dr. Ziauddin Ahmed Dental College and Hospital,ALIGARH,ALIGARH MUSLIM UNIVERSITY, ALIGARH, Uttar Pradesh, 202002",BDS,Open,EWS,Allotted,7
2022,MOPUP,MCC,AIQ,23996,23996,AIR,All India,"GOVT. DENTAL COLLEGE, KOZIKODE,MEDICAL COLLEGE CAMPUS, MEDICAL COLLEGE P.O., KOZHIKODE, Kerala, 673008",BDS,Open,OBC,Allotted,7
2022,MOPUP,MCC,AIQ,24046,24046,AIR,All India,"DR. R. AHMED DENT.COLL & HOSP,KOLKATA,114 AJC BOSE ROAD",BDS,Open,EWS,Allotted,7
2022,MOPUP,MCC,AIQ,24154,24154,AIR,Open Seat Quota,"IMS BHU Dental, Varanasi,Institute of Medical Sciences, Banaras Hindu University, Uttar Pradesh, 221105",BDS,OBC,OBC,Allotted,7
2022,MOPUP,MCC,AIQ,24942,24942,AIR,Open Seat Quota,"Dr. Ziauddin Ahmed Dental College and Hospital,ALIGARH,ALIGARH MUSLIM UNIVERSITY, ALIGARH, Uttar Pradesh, 202002",BDS,Open,EWS,Allotted,7
2022,MOPUP,MCC,AIQ,25172,25172,AIR,Delhi University Quota,"Maulana Azad Institute of Dental Sciences, New Delhi,MAMC Complex, B.S. Zafar Marg, New Delhi, Delhi (NCT), 110002",BDS,Open,GN,Allotted,7
2022,MOPUP,MCC,AIQ,25206,25206,AIR,Open Seat Quota,"Faculty of Dentistry, Jamia Millia Islamia, New Delhi,Faculty of Dentistry Jamia Millia Islamia A Central University Maulana Mohammad Ali Jauhar Marg, Delhi (NCT), 110025",BDS,Open,GN,Allotted,7
2022,MOPUP,MCC,AIQ,26013,26013,AIR,Open Seat Quota,"Faculty of Dentistry, Jamia Millia Islamia, New Delhi,Faculty of Dentistry Jamia Millia Islamia A Central University Maulana Mohammad Ali Jauhar Marg, Delhi (NCT), 110025",BDS,Open,GN,Allotted,7
2022,MOPUP,MCC,AIQ,26583,26583,AIR,All India,"NORTH BENGAL DENT.COLL,SUSHRUTNAGAR,P.O SHUSHRUTA NAGAR, DIST. DARJEELING,",BDS,Open,OBC,Allotted,7
2022,MOPUP,MCC,AIQ,27129,27129,AIR,Open Seat Quota,"IMS BHU Dental, Varanasi,Institute of Medical Sciences, Banaras Hindu University, Uttar Pradesh, 221105",BDS,EWS,EWS,Allotted,7
2022,MOPUP,MCC,AIQ,31217,31217,AIR,All India,"Burdwan Dental College & Hospital, Burdwan,POWER HOUSE PARA, BURDWAN TOWN. PURBA BARDHAMAN. W.B- 713101",BDS,Open,GN,Allotted,7
2022,MOPUP,MCC,AIQ,31682,31682,AIR,All India,"FACULTY OF DEN SCI, KG MED UNIV,LUCKNOW,SHAHMINA ROAD, CHOWK,LUCKNOW, Uttar Pradesh, 226003",BDS,OBC,OBC,Allotted,7
2022,MOPUP,MCC,AIQ,33901,33901,AIR,Delhi University Quota,"Maulana Azad Institute of Dental Sciences, New Delhi,MAMC Complex, B.S. Zafar Marg, New Delhi, Delhi (NCT), 110002",BDS,OBC,OBC,Allotted,7
2022,MOPUP,MCC,AIQ,35224,35224,AIR,Open Seat Quota,"Faculty of Dentistry, Jamia Millia Islamia, New Delhi,Faculty of Dentistry Jamia Millia Islamia A Central University Maulana Mohammad Ali Jauhar Marg, Delhi (NCT), 110025",BDS,Open,GN,Allotted,7
2022,MOPUP,MCC,AIQ,35805,35805,AIR,Open Seat Quota,"IMS BHU Dental, Varanasi,Institute of Medical Sciences, Banaras Hindu University, Uttar Pradesh, 221105",BDS,OBC,OBC,Allotted,7
2022,MOPUP,MCC,AIQ,35872,35872,AIR,All India,"Burdwan Dental College & Hospital, Burdwan,POWER HOUSE PARA, BURDWAN TOWN. PURBA BARDHAMAN. W.B- 713101",BDS,Open,OBC,Allotted,7
2022,MOPUP,MCC,AIQ,36283,36283,AIR,IP University Quota,"ESIC Dental College and Hospital,ESIC Hospital, Sector 15, Rohini, Delhi (NCT), 110089",BDS,Open,GN,Allotted,7
2022,MOPUP,MCC,AIQ,37164,37164,AIR,All India,"GOVT DEN COLL DENTAL WING PATIALA,Govt.Dental College and Hospital,Patiala, Punjab, 147001",BDS,Open,GN,Allotted,7
2022,MOPUP,MCC,AIQ,38146,38146,AIR,All India,"GOVT. DENTAL COLLEGE & HOSP,AHMEDABAD,NEW CIVIL HOSPITAL CAMPUS, ASARWA, AHMEDABAD, Gujarat, 380016",BDS,OBC,OBC,Allotted,7
2022,MOPUP,MCC,AIQ,38360,38360,AIR,IP University Quota,"ESIC Dental College and Hospital,ESIC Hospital, Sector 15, Rohini, Delhi (NCT), 110089",BDS,Open,GN,Allotted,7
2022,MOPUP,MCC,AIQ,38494,38494,AIR,Muslim OBC Quota,"Faculty of Dentistry, Jamia Millia Islamia, New Delhi,Faculty of Dentistry Jamia Millia Islamia A Central University Maulana Mohammad Ali Jauhar Marg, Delhi (NCT), 110025",BDS,OBC,OBC,Allotted,7
2022,MOPUP,MCC,AIQ,38706,38706,AIR,All India,"Burdwan Dental College & Hospital, Burdwan,POWER HOUSE PARA, BURDWAN TOWN. PURBA BARDHAMAN. W.B- 713101",BDS,Open,OBC,Allotted,7
2022,MOPUP,MCC,AIQ,39574,39574,AIR,All India,"GDC,PT.BDS UNIV.OF HEALTH SCI,ROHTAK,Post Graduate Institute of Dental Sciences, Rohtak, Haryana, 124001",BDS,Open,GN,Allotted,7
2022,MOPUP,MCC,AIQ,40979,40979,AIR,All India,"Burdwan Dental College & Hospital, Burdwan,POWER HOUSE PARA, BURDWAN TOWN. PURBA BARDHAMAN. W.B- 713101",BDS,Open,OBC,Allotted,7
2022,MOPUP,MCC,AIQ,41868,41868,AIR,All India,"ESIC Dental College and Hospital,ESIC Hospital, Sector 15, Rohini, Delhi (NCT), 110089",BDS,OBC,OBC,Allotted,7
2022,MOPUP,MCC,AIQ,42481,42481,AIR,All India,"Dental Institue, RIMS, Ranchi,Dental College, Rajendra Institute of Medical Sciences, Bariatu, Ranchi, Jharkhand, 843009",BDS,Open,OBC,Allotted,7
2022,MOPUP,MCC,AIQ,43244,43244,AIR,All India,"NAIR HOSP DENTAL COLLEGE & HOSP,MUMBAI,Dr. A.L. Nair Road, Mumbai Central, Mumbai - 400 008, Maharashtra, 400008",BDS,Open,OBC,Allotted,7
2022,MOPUP,MCC,AIQ,43757,43757,AIR,All India,"RUHS College of Dental Science, Jaipur,Ruhs College of dental science , johtwara road jaipur, Rajasthan, 302016",BDS,Open,OBC,Allotted,7
2022,MOPUP,MCC,AIQ,45158,45158,AIR,All India,"Dental Institue, RIMS, Ranchi,Dental College, Rajendra Institute of Medical Sciences, Bariatu, Ranchi, Jharkhand, 843009",BDS,Open,GN,Allotted,7
2022,MOPUP,MCC,AIQ,45440,45440,AIR,All India,"Rajah Muthiah Dental College and Hos. , Annamalai ,GOVT DENTAL COLLEGE AND HOSPITAL, CUDDALORE DT- ERSTWHILE RAJAH MUTHIAH DENTAL COLLEGE AND HOSPITAL, Tamil Nadu, 608002",BDS,Open,OBC,Allotted,7
2022,MOPUP,MCC,AIQ,45839,45839,AIR,All India,"GDC,PT.BDS UNIV.OF HEALTH SCI,ROHTAK,Post Graduate Institute of Dental Sciences, Rohtak, Haryana, 124001",BDS,Open,GN,Allotted,7
2022,MOPUP,MCC,AIQ,46073,46073,AIR,All India,"Government Dental College Hyderabad,GOVERNMENT DENTAL COLLEGE AND HOSPITAL, AFZALGUNJ, HYDERABAD - 500012, Telangana, 500012",BDS,Open,OBC,Allotted,7
2022,MOPUP,MCC,AIQ,46302,46302,AIR,All India,"Burdwan Dental College & Hospital, Burdwan,POWER HOUSE PARA, BURDWAN TOWN. PURBA BARDHAMAN. W.B- 713101",BDS,Open,GN,Allotted,7
2022,MOPUP,MCC,AIQ,46379,46379,AIR,All India,"GOVT. DENTAL COLLEGE, RAIPUR,Near Marahi Mata Mandir, Rajbandha Maidan, Raipur (C.G.), Chhattisgarh, 492001",BDS,Open,GN,Allotted,7
2022,MOPUP,MCC,AIQ,46727,46727,AIR,All India,"RUHS College of Dental Science, Jaipur,Ruhs College of dental science , johtwara road jaipur, Rajasthan, 302016",BDS,Open,EWS,Allotted,7
2022,MOPUP,MCC,AIQ,47491,47491,AIR,All India,"NAIR HOSP DENTAL COLLEGE & HOSP,MUMBAI,Dr. A.L. Nair Road, Mumbai Central, Mumbai - 400 008, Maharashtra, 400008",BDS,OBC,OBC,Allotted,7
2022,MOPUP,MCC,AIQ,47730,47730,AIR,All India,"GOVT. COLLEGE OF DENTISTRY, INDORE,1 Sardar Patel Marg Indore",BDS,Open,GN,Allotted,7
2022,MOPUP,MCC,AIQ,48782,48782,AIR,All India,"Burdwan Dental College & Hospital, Burdwan,POWER HOUSE PARA, BURDWAN TOWN. PURBA BARDHAMAN. W.B- 713101",BDS,OBC,OBC,Allotted,7
2022,MOPUP,MCC,AIQ,49441,49441,AIR,All India,"RUHS College of Dental Science, Jaipur,Ruhs College of dental science , johtwara road jaipur, Rajasthan, 302016",BDS,OBC,OBC,Allotted,7
2022,MOPUP,MCC,AIQ,49596,49596,AIR,All India,"Dental Institue, RIMS, Ranchi,Dental College, Rajendra Institute of Medical Sciences, Bariatu, Ranchi, Jharkhand, 843009",BDS,Open,EWS,Allotted,7
2022,MOPUP,MCC,AIQ,50397,50397,AIR,All India,"RUHS College of Dental Science, Jaipur,Ruhs College of dental science , johtwara road jaipur, Rajasthan, 302016",BDS,OBC,OBC,Allotted,7
2022,MOPUP,MCC,AIQ,50656,50656,AIR,All India,"Government Dental College & Hospital, Srinagar,Shireen Bagh Karan Nagar Srinagar Jammu and Kashmir India, Jammu And Kashmir, 190010",BDS,Open,OBC,Allotted,7
2022,MOPUP,MCC,AIQ,50665,50665,AIR,All India,"GDC,PT.BDS UNIV.OF HEALTH SCI,ROHTAK,Post Graduate Institute of Dental Sciences, Rohtak, Haryana, 124001",BDS,Open,EWS,Allotted,7
2022,MOPUP,MCC,AIQ,50829,50829,AIR,All India,"GDC,PT.BDS UNIV.OF HEALTH SCI,ROHTAK,Post Graduate Institute of Dental Sciences, Rohtak, Haryana, 124001",BDS,Open,OBC,Allotted,7
2022,MOPUP,MCC,AIQ,50932,50932,AIR,All India,"Burdwan Dental College & Hospital, Burdwan,POWER HOUSE PARA, BURDWAN TOWN. PURBA BARDHAMAN. W.B- 713101",BDS,OBC,OBC,Allotted,7
2022,MOPUP,MCC,AIQ,50984,50984,AIR,All India,"GDC,PT.BDS UNIV.OF HEALTH SCI,ROHTAK,Post Graduate Institute of Dental Sciences, Rohtak, Haryana, 124001",BDS,OBC,OBC,Allotted,7
2022,MOPUP,MCC,AIQ,51255,51255,AIR,All India,"PB. GOVT. DENTAL COLLEGE & HOSP,AMRITSAR,Majitha Road,Amritsar, Punjab, 143001",BDS,Open,GN,Allotted,7
2022,MOPUP,MCC,AIQ,51655,51655,AIR,All India,"GOVT. DENTAL COLL.& HOSP., JAMNAGAR,Opp. City Police Line, Navagam Ghed, Jamnagar, Gujarat, 361008",BDS,Open,OBC,Allotted,7
2022,MOPUP,MCC,AIQ,51979,51979,AIR,All India,"GOVT. DENTAL COLLEGE & HOSP,AHMEDABAD,NEW CIVIL HOSPITAL CAMPUS, ASARWA, AHMEDABAD, Gujarat, 380016",BDS,EWS,EWS,Allotted,7
2022,MOPUP,MCC,AIQ,52244,52244,AIR,All India,"GOVT. DENTAL COLLEGE & HOSP.,NAGPUR,Government Dental College And Hospital GMC Campus Nagpur, Maharashtra, 440003",BDS,Open,EWS,Allotted,7
2022,MOPUP,MCC,AIQ,52313,52313,AIR,All India,"DC, RIMS, Imphal,PO Lamphelpat, Imphal West District, Manipur, 795004",BDS,Open,OBC,Allotted,7
2022,MOPUP,MCC,AIQ,52651,52651,AIR,All India,"GOVT. DENTAL COLLEGE, SHIMLA,HP GOVERNMENT DENTAL COLLEGE AND HOSPITAL SHIMLA",BDS,Open,OBC,Allotted,7
2022,MOPUP,MCC,AIQ,52684,52684,AIR,All India,"Government Dental College and Hospital, Vijayawada,Government Dental College and Hospital, Machavaram Post, Vijayawada - 520004, Andhra Pradesh, 520004",BDS,Open,OBC,Allotted,7
2022,MOPUP,MCC,AIQ,52707,52707,AIR,All India,"TAMILNADU GOVT D.C. & HOSP, CHENNAI,No. 1, TNPSC SALAI, PARK TOWN, CHENNAI 600003, Tamil Nadu, 600003",BDS,Open,EWS,Allotted,7
2022,MOPUP,MCC,AIQ,52986,52986,AIR,All India,"GOVT. DENTAL COLLEGE & HOSP.,MUMBAI,St Georges Hospital Compound P D Mellow road Fort Mumbai, Maharashtra, 400001",BDS,Open,GN,Allotted,7
2022,MOPUP,MCC,AIQ,53109,53109,AIR,All India,"DC, RIMS, Imphal,PO Lamphelpat, Imphal West District, Manipur, 795004",BDS,Open,GN,Allotted,7
2022,MOPUP,MCC,AIQ,53171,53171,AIR,All India,"GOVT. DENTAL COLLEGE & HOSP.,MUMBAI,St Georges Hospital Compound P D Mellow road Fort Mumbai, Maharashtra, 400001",BDS,Open,GN,Allotted,7
2022,MOPUP,MCC,AIQ,53553,53553,AIR,All India,"GOVT. DENTAL COLLEGE & HOSP.,NAGPUR,Government Dental College And Hospital GMC Campus Nagpur, Maharashtra, 440003",BDS,OBC,OBC,Allotted,7
2022,MOPUP,MCC,AIQ,54181,54181,AIR,All India,"GOA DENTAL COLLEGE & HOSPITAL, GOA,Bambolim,Goa, Goa, 403202",BDS,Open,GN,Allotted,7
2022,MOPUP,MCC,AIQ,54265,54265,AIR,All India,"GOA DENTAL COLLEGE & HOSPITAL, GOA,Bambolim,Goa, Goa, 403202",BDS,Open,GN,Allotted,7
2022,MOPUP,MCC,AIQ,54434,54434,AIR,All India,"GDC,PT.BDS UNIV.OF HEALTH SCI,ROHTAK,Post Graduate Institute of Dental Sciences, Rohtak, Haryana, 124001",BDS,OBC,OBC,Allotted,7
2022,MOPUP,MCC,AIQ,54745,54745,AIR,All India,"GOVT. DENTAL COLLEGE, SHIMLA,HP GOVERNMENT DENTAL COLLEGE AND HOSPITAL SHIMLA",BDS,OBC,OBC,Allotted,7
2022,MOPUP,MCC,AIQ,54762,54762,AIR,All India,"Indira Gandhi Govt. Dental College, Jammu,Indira Gandhi Govt. Dental College, Rehari Chungi, Jammu, Jammu And Kashmir, 180005",BDS,Open,OBC,Allotted,7
2022,MOPUP,MCC,AIQ,55321,55321,AIR,All India,"M.G.D.C. & HOSPITAL, PUDUCHERRY,GOVT. OF PUDUCHERRY INSTITUTION, GORIMEDU, PONDICHERRY, Puducherry, 605006",BDS,Open,EWS,Allotted,7
2022,MOPUP,MCC,AIQ,55536,55536,AIR,All India,"GOVT. DENTAL COLLEGE, RAIPUR,Near Marahi Mata Mandir, Rajbandha Maidan, Raipur (C.G.), Chhattisgarh, 492001",BDS,Open,EWS,Allotted,7
2022,MOPUP,MCC,AIQ,56016,56016,AIR,All India,"Dental Institue, RIMS, Ranchi,Dental College, Rajendra Institute of Medical Sciences, Bariatu, Ranchi, Jharkhand, 843009",BDS,OBC,OBC,Allotted,7
2022,MOPUP,MCC,AIQ,56094,56094,AIR,All India,"GOVT. DENTAL COLL.& HOSP., JAMNAGAR,Opp. City Police Line, Navagam Ghed, Jamnagar, Gujarat, 361008",BDS,OBC,OBC,Allotted,7
2022,MOPUP,MCC,AIQ,56147,56147,AIR,All India,"S.C.B. MEDICAL COLL(DENTAL),CUTTACK,S.C.B. Dental College and Hospital, Mangalabag, Cuttack, Pin-753 007, Odisha, 753007",BDS,Open,GN,Allotted,7
2022,MOPUP,MCC,AIQ,56321,56321,AIR,All India,"GOVT. D.C. & RESEARCH INST,BANGALORE,FORT, VICTORIA HOSPITAL CAMPUS, BANGALORE",BDS,Open,GN,Allotted,7
2022,MOPUP,MCC,AIQ,56442,56442,AIR,All India,"ESIC Dental College, Gulbarga,ESIC MEDICAL COLLEGE & HOSPITAL CAMPUS, Sedam Road, Gulbarga, Karnataka, 585106",BDS,Open,GN,Allotted,7
2022,MOPUP,MCC,AIQ,56503,56503,AIR,All India,"GOVT. DENTAL COLLEGE & HOSP.,MUMBAI,St Georges Hospital Compound P D Mellow road Fort Mumbai, Maharashtra, 400001",BDS,Open,GN,Allotted,7
2022,MOPUP,MCC,AIQ,56876,56876,AIR,All India,"GOVT. DENTAL COLLEGE & HOSP.,AURANGABAD,Government Medical College and Hospital Campus Dhanwantari Nagar Ghati Aurangabad, Maharashtra, 431001",BDS,Open,GN,Allotted,7
2022,MOPUP,MCC,AIQ,57197,57197,AIR,All India,"Government Dental College & Hospital, Srinagar,Shireen Bagh Karan Nagar Srinagar Jammu and Kashmir India, Jammu And Kashmir, 190010",BDS,Open,GN,Allotted,7
2022,MOPUP,MCC,AIQ,57294,57294,AIR,All India,"GOVT. COLLEGE OF DENTISTRY, INDORE,1 Sardar Patel Marg Indore",BDS,OBC,OBC,Allotted,7
2022,MOPUP,MCC,AIQ,57382,57382,AIR,All India,"REGIONAL DENTAL COLLEGE, GUWAHATI,PO Indrapur,Bhangagarh, Guwahati, Assam, 781032",BDS,Open,OBC,Allotted,7
2022,MOPUP,MCC,AIQ,57669,57669,AIR,All India,"Indira Gandhi Govt. Dental College, Jammu,Indira Gandhi Govt. Dental College, Rehari Chungi, Jammu, Jammu And Kashmir, 180005",BDS,Open,GN,Allotted,7
2022,MOPUP,MCC,AIQ,58030,58030,AIR,All India,"Government Dental College & Hospital, Srinagar,Shireen Bagh Karan Nagar Srinagar Jammu and Kashmir India, Jammu And Kashmir, 190010",BDS,Open,GN,Allotted,7
2022,MOPUP,MCC,AIQ,58119,58119,AIR,All India,"S.C.B. MEDICAL COLL(DENTAL),CUTTACK,S.C.B. Dental College and Hospital, Mangalabag, Cuttack, Pin-753 007, Odisha, 753007",BDS,Open,GN,Allotted,7
2022,MOPUP,MCC,AIQ,58344,58344,AIR,All India,"REGIONAL DENTAL COLLEGE, GUWAHATI,PO Indrapur,Bhangagarh, Guwahati, Assam, 781032",BDS,Open,OBC,Allotted,7
2022,MOPUP,MCC,AIQ,59473,59473,AIR,All India,"S.C.B. MEDICAL COLL(DENTAL),CUTTACK,S.C.B. Dental College and Hospital, Mangalabag, Cuttack, Pin-753 007, Odisha, 753007",BDS,Open,EWS,Allotted,7
2022,MOPUP,MCC,AIQ,59629,59629,AIR,All India,"S.C.B. MEDICAL COLL(DENTAL),CUTTACK,S.C.B. Dental College and Hospital, Mangalabag, Cuttack, Pin-753 007, Odisha, 753007",BDS,Open,GN,Allotted,7
2022,MOPUP,MCC,AIQ,59878,59878,AIR,All India,"GOVT. COLLEGE OF DENTISTRY, INDORE,1 Sardar Patel Marg Indore",BDS,EWS,EWS,Allotted,7
2022,MOPUP,MCC,AIQ,60297,60297,AIR,All India,"GOVT. DENTAL COLLEGE & HOSP.,MUMBAI,St Georges Hospital Compound P D Mellow road Fort Mumbai, Maharashtra, 400001",BDS,OBC,OBC,Allotted,7
2022,MOPUP,MCC,AIQ,60600,60600,AIR,All India,"ESIC Dental College, Gulbarga,ESIC MEDICAL COLLEGE & HOSPITAL CAMPUS, Sedam Road, Gulbarga, Karnataka, 585106",BDS,Open,GN,Allotted,7
2022,MOPUP,MCC,AIQ,60985,60985,AIR,All India,"GOVT. D.C. & RESEARCH INST,BANGALORE,FORT, VICTORIA HOSPITAL CAMPUS, BANGALORE",BDS,OBC,OBC,Allotted,7
2022,MOPUP,MCC,AIQ,61009,61009,AIR,All India,"DC, RIMS, Imphal,PO Lamphelpat, Imphal West District, Manipur, 795004",BDS,OBC,OBC,Allotted,7
2022,MOPUP,MCC,AIQ,61059,61059,AIR,All India,"GOVT. DENTAL COLLEGE & HOSP.,MUMBAI,St Georges Hospital Compound P D Mellow road Fort Mumbai, Maharashtra, 400001",BDS,OBC,OBC,Allotted,7
2022,MOPUP,MCC,AIQ,61139,61139,AIR,All India,"Jawaharlal Nehru Institute of Dental Sciences, Imphal,Porompat, Imphal East, Manipur, Manipur, 795005",BDS,Open,OBC,Allotted,7
2022,MOPUP,MCC,AIQ,61527,61527,AIR,All India,"GOVT. D.C. & RESEARCH INST,BANGALORE,FORT, VICTORIA HOSPITAL CAMPUS, BANGALORE",BDS,OBC,OBC,Allotted,7
2022,MOPUP,MCC,AIQ,62213,62213,AIR,All India,"GOVT. DENTAL COLLEGE, TRIVANDRUM,Govt Dental College Thiruvananthapuram Kerala",BDS,Open,EWS,Allotted,7
2022,MOPUP,MCC,AIQ,62498,62498,AIR,All India,"REGIONAL DENTAL COLLEGE, GUWAHATI,PO Indrapur,Bhangagarh, Guwahati, Assam, 781032",BDS,Open,GN,Allotted,7
2022,MOPUP,MCC,AIQ,62711,62711,AIR,All India,"Government Dental College & Hospital, Srinagar,Shireen Bagh Karan Nagar Srinagar Jammu and Kashmir India, Jammu And Kashmir, 190010",BDS,Open,GN,Allotted,7
2022,MOPUP,MCC,AIQ,62898,62898,AIR,All India,"ESIC Dental College, Gulbarga,ESIC MEDICAL COLLEGE & HOSPITAL CAMPUS, Sedam Road, Gulbarga, Karnataka, 585106",BDS,Open,GN,Allotted,7
2022,MOPUP,MCC,AIQ,63044,63044,AIR,All India,"Govt Dental College RIMS Kadapa,PRINCIPAL GOVT DENTAL COLLEGE, RIMS, PUTLAMPALLI KADAPA State ANDHRA PRADESH Pin 516004, Andhra Pradesh, 516004",BDS,Open,GN,Allotted,7
2022,MOPUP,MCC,AIQ,63163,63163,AIR,All India,"Rajah Muthiah Dental College and Hos. , Annamalai ,GOVT DENTAL COLLEGE AND HOSPITAL, CUDDALORE DT- ERSTWHILE RAJAH MUTHIAH DENTAL COLLEGE AND HOSPITAL, Tamil Nadu, 608002",BDS,Open,GN,Allotted,7
2022,MOPUP,MCC,AIQ,63264,63264,AIR,All India,"GOA DENTAL COLLEGE & HOSPITAL, GOA,Bambolim,Goa, Goa, 403202",BDS,OBC,OBC,Allotted,7
2022,MOPUP,MCC,AIQ,63338,63338,AIR,All India,"REGIONAL DENTAL COLLEGE, GUWAHATI,PO Indrapur,Bhangagarh, Guwahati, Assam, 781032",BDS,Open,GN,Allotted,7
2022,MOPUP,MCC,AIQ,63594,63594,AIR,All India,"Government Dental College Hyderabad,GOVERNMENT DENTAL COLLEGE AND HOSPITAL, AFZALGUNJ, HYDERABAD - 500012, Telangana, 500012",BDS,EWS,EWS,Allotted,7
2022,MOPUP,MCC,AIQ,63822,63822,AIR,All India,"GOVT. DENTAL COLLEGE & HOSP.,AURANGABAD,Government Medical College and Hospital Campus Dhanwantari Nagar Ghati Aurangabad, Maharashtra, 431001",BDS,OBC,OBC,Allotted,7
2022,MOPUP,MCC,AIQ,64115,64115,AIR,All India,"Govt Dental College RIMS Kadapa,PRINCIPAL GOVT DENTAL COLLEGE, RIMS, PUTLAMPALLI KADAPA State ANDHRA PRADESH Pin 516004, Andhra Pradesh, 516004",BDS,Open,EWS,Allotted,7
2022,MOPUP,MCC,AIQ,66035,66035,AIR,All India,"M.G.D.C. & HOSPITAL, PUDUCHERRY,GOVT. OF PUDUCHERRY INSTITUTION, GORIMEDU, PONDICHERRY, Puducherry, 605006",BDS,OBC,OBC,Allotted,7
2022,MOPUP,MCC,AIQ,66043,66043,AIR,All India,"Government Dental College Hyderabad,GOVERNMENT DENTAL COLLEGE AND HOSPITAL, AFZALGUNJ, HYDERABAD - 500012, Telangana, 500012",BDS,OBC,OBC,Allotted,7
2022,MOPUP,MCC,AIQ,66173,66173,AIR,All India,"GOVT. DENTAL COLLEGE, RAIPUR,Near Marahi Mata Mandir, Rajbandha Maidan, Raipur (C.G.), Chhattisgarh, 492001",BDS,OBC,OBC,Allotted,7
2022,MOPUP,MCC,AIQ,66263,66263,AIR,All India,"Government Dental College Hyderabad,GOVERNMENT DENTAL COLLEGE AND HOSPITAL, AFZALGUNJ, HYDERABAD - 500012, Telangana, 500012",BDS,OBC,OBC,Allotted,7
2022,MOPUP,MCC,AIQ,66480,66480,AIR,All India,"S.C.B. MEDICAL COLL(DENTAL),CUTTACK,S.C.B. Dental College and Hospital, Mangalabag, Cuttack, Pin-753 007, Odisha, 753007",BDS,OBC,OBC,Allotted,7
2022,MOPUP,MCC,AIQ,66553,66553,AIR,All India,"S.C.B. MEDICAL COLL(DENTAL),CUTTACK,S.C.B. Dental College and Hospital, Mangalabag, Cuttack, Pin-753 007, Odisha, 753007",BDS,OBC,OBC,Allotted,7
2022,MOPUP,MCC,AIQ,66779,66779,AIR,All India,"S.C.B. MEDICAL COLL(DENTAL),CUTTACK,S.C.B. Dental College and Hospital, Mangalabag, Cuttack, Pin-753 007, Odisha, 753007",BDS,OBC,OBC,Allotted,7
2022,MOPUP,MCC,AIQ,67062,67062,AIR,All India,"ESIC Dental College, Gulbarga,ESIC MEDICAL COLLEGE & HOSPITAL CAMPUS, Sedam Road, Gulbarga, Karnataka, 585106",BDS,Open,GN,Allotted,7
2022,MOPUP,MCC,AIQ,67115,67115,AIR,All India,"GOVT DENTAL COLLEGE Kannur,Pariyaram Medical College P O, Kannur, Kerala- 670503., Kerala, 670503",BDS,Open,OBC,Allotted,7
2022,MOPUP,MCC,AIQ,67649,67649,AIR,All India,"Indira Gandhi Govt. Dental College, Jammu,Indira Gandhi Govt. Dental College, Rehari Chungi, Jammu, Jammu And Kashmir, 180005",BDS,OBC,OBC,Allotted,7
2022,MOPUP,MCC,AIQ,67866,67866,AIR,All India,"ESIC Dental College, Gulbarga,ESIC MEDICAL COLLEGE & HOSPITAL CAMPUS, Sedam Road, Gulbarga, Karnataka, 585106",BDS,OBC,OBC,Allotted,7
2022,MOPUP,MCC,AIQ,68465,68465,AIR,All India,"TAMILNADU GOVT D.C. & HOSP, CHENNAI,No. 1, TNPSC SALAI, PARK TOWN, CHENNAI 600003, Tamil Nadu, 600003",BDS,Open,GN,Allotted,7
2022,MOPUP,MCC,AIQ,69116,69116,AIR,All India,"ESIC Dental College, Gulbarga,ESIC MEDICAL COLLEGE & HOSPITAL CAMPUS, Sedam Road, Gulbarga, Karnataka, 585106",BDS,OBC,OBC,Allotted,7
2022,MOPUP,MCC,AIQ,69209,69209,AIR,All India,"TAMILNADU GOVT D.C. & HOSP, CHENNAI,No. 1, TNPSC SALAI, PARK TOWN, CHENNAI 600003, Tamil Nadu, 600003",BDS,Open,EWS,Allotted,7
2022,MOPUP,MCC,AIQ,69898,69898,AIR,All India,"Jawaharlal Nehru Institute of Dental Sciences, Imphal,Porompat, Imphal East, Manipur, Manipur, 795005",BDS,Open,GN,Allotted,7
2022,MOPUP,MCC,AIQ,71135,71135,AIR,All India,"REGIONAL DENTAL COLLEGE, GUWAHATI,PO Indrapur,Bhangagarh, Guwahati, Assam, 781032",BDS,OBC,OBC,Allotted,7
2022,MOPUP,MCC,AIQ,71253,71253,AIR,All India,"TAMILNADU GOVT D.C. & HOSP, CHENNAI,No. 1, TNPSC SALAI, PARK TOWN, CHENNAI 600003, Tamil Nadu, 600003",BDS,Open,GN,Allotted,7
2022,MOPUP,MCC,AIQ,72084,72084,AIR,All India,"Government Dental College & Hospital, Srinagar,Shireen Bagh Karan Nagar Srinagar Jammu and Kashmir India, Jammu And Kashmir, 190010",BDS,OBC,OBC,Allotted,7
2022,MOPUP,MCC,AIQ,72085,72085,AIR,IP University Quota,"ESIC Dental College and Hospital,ESIC Hospital, Sector 15, Rohini, Delhi (NCT), 110089",BDS,EWS,EWS,Allotted,7
2022,MOPUP,MCC,AIQ,72183,72183,AIR,All India,"Rajah Muthiah Dental College and Hos. , Annamalai ,GOVT DENTAL COLLEGE AND HOSPITAL, CUDDALORE DT- ERSTWHILE RAJAH MUTHIAH DENTAL COLLEGE AND HOSPITAL, Tamil Nadu, 608002",BDS,Open,GN,Allotted,7
2022,MOPUP,MCC,AIQ,72563,72563,AIR,All India,"M.G.D.C. & HOSPITAL, PUDUCHERRY,GOVT. OF PUDUCHERRY INSTITUTION, GORIMEDU, PONDICHERRY, Puducherry, 605006",BDS,EWS,EWS,Allotted,7
2022,MOPUP,MCC,AIQ,72694,72694,AIR,All India,"GOVT. COLLEGE OF DENTISTRY, INDORE,1 Sardar Patel Marg Indore",BDS,OBC,OBC,Allotted,7
2022,MOPUP,MCC,AIQ,72902,72902,AIR,All India,"Government Dental College Hyderabad,GOVERNMENT DENTAL COLLEGE AND HOSPITAL, AFZALGUNJ, HYDERABAD - 500012, Telangana, 500012",BDS,OBC,OBC,Allotted,7
2022,MOPUP,MCC,AIQ,72907,72907,AIR,All India,"Govt Dental College RIMS Kadapa,PRINCIPAL GOVT DENTAL COLLEGE, RIMS, PUTLAMPALLI KADAPA State ANDHRA PRADESH Pin 516004, Andhra Pradesh, 516004",BDS,Open,GN,Allotted,7
2022,MOPUP,MCC,AIQ,73170,73170,AIR,All India,"GOVT DENTAL COLLEGE Kannur,Pariyaram Medical College P O, Kannur, Kerala- 670503., Kerala, 670503",BDS,Open,GN,Allotted,7
2022,MOPUP,MCC,AIQ,73967,73967,AIR,All India,"Government Dental College, Alappuzha,Government Dental College T.D Medical College (PO) Alappuzha,Kerala, Kerala, 688005",BDS,Open,GN,Allotted,7
2022,MOPUP,MCC,AIQ,74317,74317,AIR,All India,"Government Dental College, Thrissur,MEDICAL COLLEGE(P O) THRISSUR, Kerala, 680596",BDS,Open,GN,Allotted,7
2022,MOPUP,MCC,AIQ,74927,74927,AIR,All India,"Rajah Muthiah Dental College and Hos. , Annamalai ,GOVT DENTAL COLLEGE AND HOSPITAL, CUDDALORE DT- ERSTWHILE RAJAH MUTHIAH DENTAL COLLEGE AND HOSPITAL, Tamil Nadu, 608002",BDS,Open,GN,Allotted,7
2022,MOPUP,MCC,AIQ,74976,74976,AIR,All India,"Government Dental College, Alappuzha,Government Dental College T.D Medical College (PO) Alappuzha,Kerala, Kerala, 688005",BDS,Open,GN,Allotted,7
2022,MOPUP,MCC,AIQ,75349,75349,AIR,All India,"ESIC Dental College, Gulbarga,ESIC MEDICAL COLLEGE & HOSPITAL CAMPUS, Sedam Road, Gulbarga, Karnataka, 585106",BDS,EWS,EWS,Allotted,7
2022,MOPUP,MCC,AIQ,75559,75559,AIR,All India,"GOA DENTAL COLLEGE & HOSPITAL, GOA,Bambolim,Goa, Goa, 403202",BDS,OBC,OBC,Allotted,7
2022,MOPUP,MCC,AIQ,75606,75606,AIR,All India,"GOVT. DC & RESEARCH INSt., BELLARY,GOVT DENTAL COLLEGE AND RI, VIMS CAMPUS, CANTONMENT BELLARY",BDS,OBC,OBC,Allotted,7
2022,MOPUP,MCC,AIQ,75610,75610,AIR,All India,"Government Dental College & Hospital, Srinagar,Shireen Bagh Karan Nagar Srinagar Jammu and Kashmir India, Jammu And Kashmir, 190010",BDS,OBC,OBC,Allotted,7
2022,MOPUP,MCC,AIQ,75646,75646,AIR,All India,"GOVT DENTAL COLLEGE Kannur,Pariyaram Medical College P O, Kannur, Kerala- 670503., Kerala, 670503",BDS,Open,GN,Allotted,7
2022,MOPUP,MCC,AIQ,75740,75740,AIR,All India,"GOVT. DC & RESEARCH INSt., BELLARY,GOVT DENTAL COLLEGE AND RI, VIMS CAMPUS, CANTONMENT BELLARY",BDS,OBC,OBC,Allotted,7
2022,MOPUP,MCC,AIQ,76418,76418,AIR,All India,"Government Dental College, Alappuzha,Government Dental College T.D Medical College (PO) Alappuzha,Kerala, Kerala, 688005",BDS,Open,GN,Allotted,7
2022,MOPUP,MCC,AIQ,77127,77127,AIR,IP University Quota,"ESIC Dental College and Hospital,ESIC Hospital, Sector 15, Rohini, Delhi (NCT), 110089",BDS,OBC,OBC,Allotted,7
2022,MOPUP,MCC,AIQ,77218,77218,AIR,All India,"Government Dental College, Thrissur,MEDICAL COLLEGE(P O) THRISSUR, Kerala, 680596",BDS,Open,GN,Allotted,7
2022,MOPUP,MCC,AIQ,79265,79265,AIR,All India,"Government Dental College and Hospital, Vijayawada,Government Dental College and Hospital, Machavaram Post, Vijayawada - 520004, Andhra Pradesh, 520004",BDS,OBC,OBC,Allotted,7
2022,MOPUP,MCC,AIQ,79612,79612,AIR,IP University Quota,"ESIC Dental College and Hospital,ESIC Hospital, Sector 15, Rohini, Delhi (NCT), 110089",BDS,OBC,OBC,Allotted,7
2022,MOPUP,MCC,AIQ,80012,80012,AIR,All India,"Rajah Muthiah Dental College and Hos. , Annamalai ,GOVT DENTAL COLLEGE AND HOSPITAL, CUDDALORE DT- ERSTWHILE RAJAH MUTHIAH DENTAL COLLEGE AND HOSPITAL, Tamil Nadu, 608002",BDS,OBC,OBC,Allotted,7
2022,MOPUP,MCC,AIQ,80748,80748,AIR,Aligarh Muslim University (AMU) Quota,"Dr. Ziauddin Ahmed Dental College and Hospital,ALIGARH,ALIGARH MUSLIM UNIVERSITY, ALIGARH, Uttar Pradesh, 202002",BDS,Open,GN,Allotted,7
2022,MOPUP,MCC,AIQ,81769,81769,AIR,All India,"GOVT. DENTAL COLLEGE, KOZIKODE,MEDICAL COLLEGE CAMPUS, MEDICAL COLLEGE P.O., KOZHIKODE, Kerala, 673008",BDS,Open,GN,Allotted,7
2022,MOPUP,MCC,AIQ,82081,82081,AIR,All India,"Jawaharlal Nehru Institute of Dental Sciences, Imphal,Porompat, Imphal East, Manipur, Manipur, 795005",BDS,EWS,EWS,Allotted,7
2022,MOPUP,MCC,AIQ,82251,82251,AIR,All India,"Government Dental College, Alappuzha,Government Dental College T.D Medical College (PO) Alappuzha,Kerala, Kerala, 688005",BDS,OBC,OBC,Allotted,7
2022,MOPUP,MCC,AIQ,82366,82366,AIR,All India,"Government Dental College, Thrissur,MEDICAL COLLEGE(P O) THRISSUR, Kerala, 680596",BDS,Open,EWS,Allotted,7
2022,MOPUP,MCC,AIQ,82455,82455,AIR,All India,"TAMILNADU GOVT D.C. & HOSP, CHENNAI,No. 1, TNPSC SALAI, PARK TOWN, CHENNAI 600003, Tamil Nadu, 600003",BDS,OBC,OBC,Allotted,7
2022,MOPUP,MCC,AIQ,83611,83611,AIR,All India,"GOVT. DENTAL COLLEGE & HOSP.,AURANGABAD,Government Medical College and Hospital Campus Dhanwantari Nagar Ghati Aurangabad, Maharashtra, 431001",BDS,OBC,OBC,Allotted,7
2022,MOPUP,MCC,AIQ,83630,83630,AIR,All India,"TAMILNADU GOVT D.C. & HOSP, CHENNAI,No. 1, TNPSC SALAI, PARK TOWN, CHENNAI 600003, Tamil Nadu, 600003",BDS,OBC,OBC,Allotted,7
2022,MOPUP,MCC,AIQ,84408,84408,AIR,IP University Quota,"ESIC Dental College and Hospital,ESIC Hospital, Sector 15, Rohini, Delhi (NCT), 110089",BDS,OBC,OBC,Allotted,7
2022,MOPUP,MCC,AIQ,85038,85038,AIR,All India,"Rajah Muthiah Dental College and Hos. , Annamalai ,GOVT DENTAL COLLEGE AND HOSPITAL, CUDDALORE DT- ERSTWHILE RAJAH MUTHIAH DENTAL COLLEGE AND HOSPITAL, Tamil Nadu, 608002",BDS,EWS,EWS,Allotted,7
2022,MOPUP,MCC,AIQ,85555,85555,AIR,All India,"DC, RIMS, Imphal,PO Lamphelpat, Imphal West District, Manipur, 795004",BDS,EWS,EWS,Allotted,7
2022,MOPUP,MCC,AIQ,85885,85885,AIR,Aligarh Muslim University (AMU) Quota,"Dr. Ziauddin Ahmed Dental College and Hospital,ALIGARH,ALIGARH MUSLIM UNIVERSITY, ALIGARH, Uttar Pradesh, 202002",BDS,Open,GN,Allotted,7
2022,MOPUP,MCC,AIQ,85901,85901,AIR,All India,"Jawaharlal Nehru Institute of Dental Sciences, Imphal,Porompat, Imphal East, Manipur, Manipur, 795005",BDS,OBC,OBC,Allotted,7
2022,MOPUP,MCC,AIQ,86479,86479,AIR,All India,"GOVT DENTAL COLLEGE Kannur,Pariyaram Medical College P O, Kannur, Kerala- 670503., Kerala, 670503",BDS,OBC,OBC,Allotted,7
2022,MOPUP,MCC,AIQ,86663,86663,AIR,IP University Quota,"ESIC Dental College and Hospital,ESIC Hospital, Sector 15, Rohini, Delhi (NCT), 110089",BDS,OBC,OBC,Allotted,7
2022,MOPUP,MCC,AIQ,87031,87031,AIR,All India,"Rajah Muthiah Dental College and Hos. , Annamalai ,GOVT DENTAL COLLEGE AND HOSPITAL, CUDDALORE DT- ERSTWHILE RAJAH MUTHIAH DENTAL COLLEGE AND HOSPITAL, Tamil Nadu, 608002",BDS,OBC,OBC,Allotted,7
2022,MOPUP,MCC,AIQ,87415,87415,AIR,All India,"GOVT DENTAL COLLEGE Kannur,Pariyaram Medical College P O, Kannur, Kerala- 670503., Kerala, 670503",BDS,EWS,EWS,Allotted,7
2022,MOPUP,MCC,AIQ,87485,87485,AIR,All India,"Government Dental College, Alappuzha,Government Dental College T.D Medical College (PO) Alappuzha,Kerala, Kerala, 688005",BDS,EWS,EWS,Allotted,7
2022,MOPUP,MCC,AIQ,87542,87542,AIR,All India,"Government Dental College, Alappuzha,Government Dental College T.D Medical College (PO) Alappuzha,Kerala, Kerala, 688005",BDS,OBC,OBC,Allotted,7
2022,MOPUP,MCC,AIQ,87943,87943,AIR,All India,"Govt Dental College RIMS Kadapa,PRINCIPAL GOVT DENTAL COLLEGE, RIMS, PUTLAMPALLI KADAPA State ANDHRA PRADESH Pin 516004, Andhra Pradesh, 516004",BDS,OBC,OBC,Allotted,7
2022,MOPUP,MCC,AIQ,87993,87993,AIR,All India,"Govt Dental College RIMS Kadapa,PRINCIPAL GOVT DENTAL COLLEGE, RIMS, PUTLAMPALLI KADAPA State ANDHRA PRADESH Pin 516004, Andhra Pradesh, 516004",BDS,OBC,OBC,Allotted,7
2022,MOPUP,MCC,AIQ,88709,88709,AIR,IP University Quota,"ESIC Dental College and Hospital,ESIC Hospital, Sector 15, Rohini, Delhi (NCT), 110089",BDS,OBC,OBC,Allotted,7
2022,MOPUP,MCC,AIQ,88968,88968,AIR,All India,"GOVT. DENTAL COLLEGE, KOZIKODE,MEDICAL COLLEGE CAMPUS, MEDICAL COLLEGE P.O., KOZHIKODE, Kerala, 673008",BDS,OBC,OBC,Allotted,7
2022,MOPUP,MCC,AIQ,89540,89540,AIR,All India,"Rajah Muthiah Dental College and Hos. , Annamalai ,GOVT DENTAL COLLEGE AND HOSPITAL, CUDDALORE DT- ERSTWHILE RAJAH MUTHIAH DENTAL COLLEGE AND HOSPITAL, Tamil Nadu, 608002",BDS,OBC,OBC,Allotted,7
2022,MOPUP,MCC,AIQ,90194,90194,AIR,Employees State Insurance Scheme(ESI ),"ESIC Dental College, Gulbarga,ESIC MEDICAL COLLEGE & HOSPITAL CAMPUS, Sedam Road, Gulbarga, Karnataka, 585106",BDS,Open,OBC,Allotted,7
2022,MOPUP,MCC,AIQ,90513,90513,AIR,Employees State Insurance Scheme(ESI ),"ESIC Dental College, Gulbarga,ESIC MEDICAL COLLEGE & HOSPITAL CAMPUS, Sedam Road, Gulbarga, Karnataka, 585106",BDS,Open,GN,Allotted,7
2022,MOPUP,MCC,AIQ,92631,92631,AIR,All India,"Jawaharlal Nehru Institute of Dental Sciences, Imphal,Porompat, Imphal East, Manipur, Manipur, 795005",BDS,OBC,OBC,Allotted,7
2022,MOPUP,MCC,AIQ,93112,93112,AIR,All India,"GOVT. DENTAL COLLEGE, KOZIKODE,MEDICAL COLLEGE CAMPUS, MEDICAL COLLEGE P.O., KOZHIKODE, Kerala, 673008",BDS,OBC,OBC,Allotted,7
2022,MOPUP,MCC,AIQ,93491,93491,AIR,All India,"GOVT. DENTAL COLLEGE, KOZIKODE,MEDICAL COLLEGE CAMPUS, MEDICAL COLLEGE P.O., KOZHIKODE, Kerala, 673008",BDS,OBC,OBC,Allotted,7
2022,MOPUP,MCC,AIQ,95654,95654,AIR,Employees State Insurance Scheme(ESI ),"ESIC Dental College, Gulbarga,ESIC MEDICAL COLLEGE & HOSPITAL CAMPUS, Sedam Road, Gulbarga, Karnataka, 585106",BDS,Open,GN,Allotted,7
2022,MOPUP,MCC,AIQ,123718,123718,AIR,Employees State Insurance Scheme(ESI ),"ESIC Dental College, Gulbarga,ESIC MEDICAL COLLEGE & HOSPITAL CAMPUS, Sedam Road, Gulbarga, Karnataka, 585106",BDS,OBC,OBC,Allotted,7
2022,MOPUP,MCC,AIQ,127323,127323,AIR,Open Seat Quota,"IMS BHU Dental, Varanasi,Institute of Medical Sciences, Banaras Hindu University, Uttar Pradesh, 221105",BDS,SC,SC,Allotted,7
2022,MOPUP,MCC,AIQ,127382,127382,AIR,All India,"Maulana Azad Institute of Dental Sciences, New Delhi,MAMC Complex, B.S. Zafar Marg, New Delhi, Delhi (NCT), 110002",BDS,SC,SC,Allotted,7
2022,MOPUP,MCC,AIQ,127471,127471,AIR,All India,"GDC,PT.BDS UNIV.OF HEALTH SCI,ROHTAK,Post Graduate Institute of Dental Sciences, Rohtak, Haryana, 124001",BDS,SC,SC,Allotted,7
2022,MOPUP,MCC,AIQ,129296,129296,AIR,Employees State Insurance Scheme(ESI ),"ESIC Dental College, Gulbarga,ESIC MEDICAL COLLEGE & HOSPITAL CAMPUS, Sedam Road, Gulbarga, Karnataka, 585106",BDS,OBC,OBC,Allotted,7
2022,MOPUP,MCC,AIQ,138929,138929,AIR,Employees State Insurance Scheme(ESI ),"ESIC Dental College, Gulbarga,ESIC MEDICAL COLLEGE & HOSPITAL CAMPUS, Sedam Road, Gulbarga, Karnataka, 585106",BDS,OBC,OBC,Allotted,7
2022,MOPUP,MCC,AIQ,142234,142234,AIR,All India,"NAIR HOSP DENTAL COLLEGE & HOSP,MUMBAI,Dr. A.L. Nair Road, Mumbai Central, Mumbai - 400 008, Maharashtra, 400008",BDS,SC,SC,Allotted,7
2022,MOPUP,MCC,AIQ,151885,151885,AIR,Deemed/Pai d Seats Quota,"Yenepoya Dental College, Yenepoya,University Road Deralakatte Mangaluru, Karnataka, 575018",BDS,Open,OBC,Allotted,7
2022,MOPUP,MCC,AIQ,158781,158781,AIR,All India,"GOVT. DENTAL COLLEGE & HOSP.,AURANGABAD,Government Medical College and Hospital Campus Dhanwantari Nagar Ghati Aurangabad, Maharashtra, 431001",BDS,SC,SC,Allotted,7
2022,MOPUP,MCC,AIQ,163568,163568,AIR,All India,"GOVT. COLLEGE OF DENTISTRY, INDORE,1 Sardar Patel Marg Indore",BDS,SC,SC,Allotted,7
2022,MOPUP,MCC,AIQ,164696,164696,AIR,Deemed/Pai d Seats Quota,"Santosh Dental College and Hospital, Ghaziabad,No.1, Santosh Nagar, Ghaziabad, NCR Delhi, Uttar Pradesh, 201009",BDS,Open,GN,Allotted,7
2022,MOPUP,MCC,AIQ,169621,169621,AIR,All India,"Burdwan Dental College & Hospital, Burdwan,POWER HOUSE PARA, BURDWAN TOWN. PURBA BARDHAMAN. W.B- 713101",BDS,SC,SC,Allotted,7
2022,MOPUP,MCC,AIQ,172592,172592,AIR,All India,"GOVT. D.C. & RESEARCH INST,BANGALORE,FORT, VICTORIA HOSPITAL CAMPUS, BANGALORE",BDS,SC,SC,Allotted,7
2022,MOPUP,MCC,AIQ,172795,172795,AIR,All India,"GOA DENTAL COLLEGE & HOSPITAL, GOA,Bambolim,Goa, Goa, 403202",BDS,SC,SC,Allotted,7
2022,MOPUP,MCC,AIQ,174096,174096,AIR,All India,"GOVT. DENTAL COLLEGE, SHIMLA,HP GOVERNMENT DENTAL COLLEGE AND HOSPITAL SHIMLA",BDS,SC,SC,Allotted,7
2022,MOPUP,MCC,AIQ,175581,175581,AIR,All India,"Dental Institue, RIMS, Ranchi,Dental College, Rajendra Institute of Medical Sciences, Bariatu, Ranchi, Jharkhand, 843009",BDS,SC,SC,Allotted,7
2022,MOPUP,MCC,AIQ,176030,176030,AIR,All India,"Government Dental College Hyderabad,GOVERNMENT DENTAL COLLEGE AND HOSPITAL, AFZALGUNJ, HYDERABAD - 500012, Telangana, 500012",BDS,SC,SC,Allotted,7
2022,MOPUP,MCC,AIQ,178130,178130,AIR,All India,"M.G.D.C. & HOSPITAL, PUDUCHERRY,GOVT. OF PUDUCHERRY INSTITUTION, GORIMEDU, PONDICHERRY, Puducherry, 605006",BDS,SC,SC,Allotted,7
2022,MOPUP,MCC,AIQ,178825,178825,AIR,IP University Quota,"ESIC Dental College and Hospital,ESIC Hospital, Sector 15, Rohini, Delhi (NCT), 110089",BDS,SC,SC,Allotted,7
2022,MOPUP,MCC,AIQ,178906,178906,AIR,Deemed/Pai d Seats Quota,"Institute of Dental Sciences, Bhubaneswar,K8, Kalinga Nagar, PO-Mahalaxmi Vihar, Bhubaneswar, Odisha, 751003",BDS,Open,OBC,Allotted,7
2022,MOPUP,MCC,AIQ,179798,179798,AIR,Deemed/Pai d Seats Quota,"Rural Dental College, Loni,At - Loni Tal - Rahata Dist - Ahmednagar Maharashtra State, India PIN-413736 (Near Shirdi), Maharashtra, 413736",BDS,Open,EWS,Allotted,7
2022,MOPUP,MCC,AIQ,180397,180397,AIR,All India,"Government Dental College, Alappuzha,Government Dental College T.D Medical College (PO) Alappuzha,Kerala, Kerala, 688005",BDS,SC,SC,Allotted,7
2022,MOPUP,MCC,AIQ,180472,180472,AIR,All India,"DC, RIMS, Imphal,PO Lamphelpat, Imphal West District, Manipur, 795004",BDS,SC,SC,Allotted,7
2022,MOPUP,MCC,AIQ,181553,181553,AIR,All India,"Burdwan Dental College & Hospital, Burdwan,POWER HOUSE PARA, BURDWAN TOWN. PURBA BARDHAMAN. W.B- 713101",BDS,SC,SC,Allotted,7
2022,MOPUP,MCC,AIQ,182279,182279,AIR,All India,"NORTH BENGAL DENT.COLL,SUSHRUTNAGAR,P.O SHUSHRUTA NAGAR, DIST. DARJEELING,",BDS,SC,SC,Allotted,7
2022,MOPUP,MCC,AIQ,184271,184271,AIR,IP University Quota,"ESIC Dental College and Hospital,ESIC Hospital, Sector 15, Rohini, Delhi (NCT), 110089",BDS,SC,SC,Allotted,7
2022,MOPUP,MCC,AIQ,184310,184310,AIR,All India,"Govt Dental College RIMS Kadapa,PRINCIPAL GOVT DENTAL COLLEGE, RIMS, PUTLAMPALLI KADAPA State ANDHRA PRADESH Pin 516004, Andhra Pradesh, 516004",BDS,SC,SC,Allotted,7
2022,MOPUP,MCC,AIQ,185571,185571,AIR,All India,"GOVT DEN COLL DENTAL WING PATIALA,Govt.Dental College and Hospital,Patiala, Punjab, 147001",BDS,SC,SC,Allotted,7
2022,MOPUP,MCC,AIQ,188384,188384,AIR,All India,"Govt Dental College RIMS Kadapa,PRINCIPAL GOVT DENTAL COLLEGE, RIMS, PUTLAMPALLI KADAPA State ANDHRA PRADESH Pin 516004, Andhra Pradesh, 516004",BDS,SC,SC,Allotted,7
2022,MOPUP,MCC,AIQ,191881,191881,AIR,All India,"PB. GOVT. DENTAL COLLEGE & HOSP,AMRITSAR,Majitha Road,Amritsar, Punjab, 143001",BDS,SC,SC,Allotted,7
2022,MOPUP,MCC,AIQ,194391,194391,AIR,All India,"GOVT. DENTAL COLLEGE, RAIPUR,Near Marahi Mata Mandir, Rajbandha Maidan, Raipur (C.G.), Chhattisgarh, 492001",BDS,SC,SC,Allotted,7
2022,MOPUP,MCC,AIQ,195514,195514,AIR,All India,"Government Dental College & Hospital, Srinagar,Shireen Bagh Karan Nagar Srinagar Jammu and Kashmir India, Jammu And Kashmir, 190010",BDS,SC,SC,Allotted,7
2022,MOPUP,MCC,AIQ,196290,196290,AIR,All India,"S.C.B. MEDICAL COLL(DENTAL),CUTTACK,S.C.B. Dental College and Hospital, Mangalabag, Cuttack, Pin-753 007, Odisha, 753007",BDS,SC,SC,Allotted,7
2022,MOPUP,MCC,AIQ,200414,200414,AIR,All India,"TAMILNADU GOVT D.C. & HOSP, CHENNAI,No. 1, TNPSC SALAI, PARK TOWN, CHENNAI 600003, Tamil Nadu, 600003",BDS,SC,SC,Allotted,7
2022,MOPUP,MCC,AIQ,201432,201432,AIR,All India,"Jawaharlal Nehru Institute of Dental Sciences, Imphal,Porompat, Imphal East, Manipur, Manipur, 795005",BDS,SC,SC,Allotted,7
2022,MOPUP,MCC,AIQ,202412,202412,AIR,Deemed/Pai d Seats Quota,"Santosh Dental College and Hospital, Ghaziabad,No.1, Santosh Nagar, Ghaziabad, NCR Delhi, Uttar Pradesh, 201009",BDS,Open,GN,Allotted,7
2022,MOPUP,MCC,AIQ,204572,204572,AIR,All India,"REGIONAL DENTAL COLLEGE, GUWAHATI,PO Indrapur,Bhangagarh, Guwahati, Assam, 781032",BDS,SC,SC,Allotted,7
2022,MOPUP,MCC,AIQ,204758,204758,AIR,All India,"Jawaharlal Nehru Institute of Dental Sciences, Imphal,Porompat, Imphal East, Manipur, Manipur, 795005",BDS,SC,SC,Allotted,7
2022,MOPUP,MCC,AIQ,210568,210568,AIR,All India,"Government Dental College, Thrissur,MEDICAL COLLEGE(P O) THRISSUR, Kerala, 680596",BDS,SC,SC,Allotted,7
2022,MOPUP,MCC,AIQ,214748,214748,AIR,All India,"ESIC Dental College, Gulbarga,ESIC MEDICAL COLLEGE & HOSPITAL CAMPUS, Sedam Road, Gulbarga, Karnataka, 585106",BDS,SC,SC,Allotted,7
2022,MOPUP,MCC,AIQ,215084,215084,AIR,All India,"GOVT DENTAL COLLEGE Kannur,Pariyaram Medical College P O, Kannur, Kerala- 670503., Kerala, 670503",BDS,SC,SC,Allotted,7
2022,MOPUP,MCC,AIQ,215148,215148,AIR,All India,"TAMILNADU GOVT D.C. & HOSP, CHENNAI,No. 1, TNPSC SALAI, PARK TOWN, CHENNAI 600003, Tamil Nadu, 600003",BDS,SC,SC,Allotted,7
2022,MOPUP,MCC,AIQ,215220,215220,AIR,All India,"Rajah Muthiah Dental College and Hos. , Annamalai ,GOVT DENTAL COLLEGE AND HOSPITAL, CUDDALORE DT- ERSTWHILE RAJAH MUTHIAH DENTAL COLLEGE AND HOSPITAL, Tamil Nadu, 608002",BDS,SC,SC,Allotted,7
2022,MOPUP,MCC,AIQ,217190,217190,AIR,All India,"GOVT. COLLEGE OF DENTISTRY, INDORE,1 Sardar Patel Marg Indore",BDS,ST,ST,Allotted,7
2022,MOPUP,MCC,AIQ,218262,218262,AIR,All India,"GOVT. DENTAL COLLEGE, KOZIKODE,MEDICAL COLLEGE CAMPUS, MEDICAL COLLEGE P.O., KOZHIKODE, Kerala, 673008",BDS,SC,SC,Allotted,7
2022,MOPUP,MCC,AIQ,220465,220465,AIR,All India,"GOVT. DENTAL COLLEGE, TRIVANDRUM,Govt Dental College Thiruvananthapuram Kerala",BDS,SC,SC,Allotted,7
2022,MOPUP,MCC,AIQ,225919,225919,AIR,All India,"GOVT. DENTAL COLLEGE, TRIVANDRUM,Govt Dental College Thiruvananthapuram Kerala",BDS,SC,SC,Allotted,7
2022,MOPUP,MCC,AIQ,251627,251627,AIR,Open Seat Quota,"IMS BHU Dental, Varanasi,Institute of Medical Sciences, Banaras Hindu University, Uttar Pradesh, 221105",BDS,ST,ST,Allotted,7
2022,MOPUP,MCC,AIQ,255912,255912,AIR,All India,"Indira Gandhi Govt. Dental College, Jammu,Indira Gandhi Govt. Dental College, Rehari Chungi, Jammu, Jammu And Kashmir, 180005",BDS,ST,ST,Allotted,7
2022,MOPUP,MCC,AIQ,258207,258207,AIR,Deemed/Pai d Seats Quota,"JSS Dental College, Mysuru,The Principal JSS Dental College and Hospital Medical Institutions Campus Bannimantap S S Nagar Mysu, Karnataka, 570015",BDS,Open,OBC,Allotted,7
2022,MOPUP,MCC,AIQ,263635,263635,AIR,Deemed/Pai d Seats Quota,"MANAV RACHNA DENTAL COLLEGE FARIDABAD,SECTOR - 43, DELHI SURAJKUND ROAD FARIDABAD, Haryana, 121004",BDS,Open,GN,Allotted,7
2022,MOPUP,MCC,AIQ,269691,269691,AIR,All India,"Government Dental College and Hospital, Vijayawada,Government Dental College and Hospital, Machavaram Post, Vijayawada - 520004, Andhra Pradesh, 520004",BDS,ST,ST,Allotted,7
2022,MOPUP,MCC,AIQ,270338,270338,AIR,All India,"GOVT. DENTAL COLLEGE & HOSP.,MUMBAI,St Georges Hospital Compound P D Mellow road Fort Mumbai, Maharashtra, 400001",BDS,ST,ST,Allotted,7
2022,MOPUP,MCC,AIQ,271150,271150,AIR,Employees State Insurance Scheme(ESI ),"ESIC Dental College, Gulbarga,ESIC MEDICAL COLLEGE & HOSPITAL CAMPUS, Sedam Road, Gulbarga, Karnataka, 585106",BDS,SC,SC,Allotted,7
2022,MOPUP,MCC,AIQ,272650,272650,AIR,Deemed/Pai d Seats Quota,"Thaimoogambigai Dental College and Hsopt. Chennai,Golden George Nagar, Mogappair, Chennai 600 107, Tamil Nadu, 600107",BDS,Open,SC,Allotted,7
2022,MOPUP,MCC,AIQ,292649,292649,AIR,All India,"PATNA DENTAL COLLEGE & HOSPITAL, PATNA,BANKIPUR,ASHOK RAJPATH,PATNA, Bihar, 800004",BDS,ST,ST,Allotted,7
2022,MOPUP,MCC,AIQ,293729,293729,AIR,Deemed/Pai d Seats Quota,"MANAV RACHNA DENTAL COLLEGE FARIDABAD,SECTOR - 43, DELHI SURAJKUND ROAD FARIDABAD, Haryana, 121004",BDS,Open,GN,Allotted,7
2022,MOPUP,MCC,AIQ,302274,302274,AIR,All India,"Government Dental College Hyderabad,GOVERNMENT DENTAL COLLEGE AND HOSPITAL, AFZALGUNJ, HYDERABAD - 500012, Telangana, 500012",BDS,ST,ST,Allotted,7
2022,MOPUP,MCC,AIQ,307172,307172,AIR,All India,"GOVT. DENTAL COLL.& HOSP., JAMNAGAR,Opp. City Police Line, Navagam Ghed, Jamnagar, Gujarat, 361008",BDS,ST,ST,Allotted,7
2022,MOPUP,MCC,AIQ,312587,312587,AIR,All India,"ESIC Dental College and Hospital,ESIC Hospital, Sector 15, Rohini, Delhi (NCT), 110089",BDS,ST,ST,Allotted,7
2022,MOPUP,MCC,AIQ,314155,314155,AIR,Employees State Insurance Scheme(ESI ),"ESIC Dental College, Gulbarga,ESIC MEDICAL COLLEGE & HOSPITAL CAMPUS, Sedam Road, Gulbarga, Karnataka, 585106",BDS,SC,SC,Allotted,7
2022,MOPUP,MCC,AIQ,314357,314357,AIR,IP University Quota,"ESIC Dental College and Hospital,ESIC Hospital, Sector 15, Rohini, Delhi (NCT), 110089",BDS,ST,ST,Allotted,7
2022,MOPUP,MCC,AIQ,320870,320870,AIR,All India,"DC, RIMS, Imphal,PO Lamphelpat, Imphal West District, Manipur, 795004",BDS,ST,ST,Allotted,7
2022,MOPUP,MCC,AIQ,324871,324871,AIR,Deemed/Pai d Seats Quota,"Sree Balaji Dental College and Hospital, Chennai,VELACHERY MAIN ROAD, NARAYANAPURAM, PALLIKARANAI, CHENNAI - 600 100, Tamil Nadu, 600100",BDS,Open,GN,Allotted,7
2022,MOPUP,MCC,AIQ,330300,330300,AIR,Deemed/Pai d Seats Quota,"Yenepoya Dental College, Yenepoya,University Road Deralakatte Mangaluru, Karnataka, 575018",BDS,Open,OBC,Allotted,7
2022,MOPUP,MCC,AIQ,331855,331855,AIR,All India,"GOVT. DENTAL COLLEGE & HOSP,AHMEDABAD,NEW CIVIL HOSPITAL CAMPUS, ASARWA, AHMEDABAD, Gujarat, 380016",BDS,ST,ST,Allotted,7
2022,MOPUP,MCC,AIQ,335528,335528,AIR,All India,"Burdwan Dental College & Hospital, Burdwan,POWER HOUSE PARA, BURDWAN TOWN. PURBA BARDHAMAN. W.B- 713101",BDS,ST,ST,Allotted,7
2022,MOPUP,MCC,AIQ,336872,336872,AIR,All India,"TAMILNADU GOVT D.C. & HOSP, CHENNAI,No. 1, TNPSC SALAI, PARK TOWN, CHENNAI 600003, Tamil Nadu, 600003",BDS,ST,ST,Allotted,7
2022,MOPUP,MCC,AIQ,342416,342416,AIR,All India,"Jawaharlal Nehru Institute of Dental Sciences, Imphal,Porompat, Imphal East, Manipur, Manipur, 795005",BDS,ST,ST,Allotted,7
2022,MOPUP,MCC,AIQ,344799,344799,AIR,All India,"Government Dental College Hyderabad,GOVERNMENT DENTAL COLLEGE AND HOSPITAL, AFZALGUNJ, HYDERABAD - 500012, Telangana, 500012",BDS,ST,ST,Allotted,7
2022,MOPUP,MCC,AIQ,346474,346474,AIR,Open Seat Quota,"IMS BHU Dental, Varanasi,Institute of Medical Sciences, Banaras Hindu University, Uttar Pradesh, 221105",BDS,ST,ST,Allotted,7
2022,MOPUP,MCC,AIQ,353623,353623,AIR,All India,"GDC,PT.BDS UNIV.OF HEALTH SCI,ROHTAK,Post Graduate Institute of Dental Sciences, Rohtak, Haryana, 124001",BDS,ST,ST,Allotted,7
2022,MOPUP,MCC,AIQ,354244,354244,AIR,All India,"GOA DENTAL COLLEGE & HOSPITAL, GOA,Bambolim,Goa, Goa, 403202",BDS,ST,ST,Allotted,7
2022,MOPUP,MCC,AIQ,355455,355455,AIR,Deemed/Pai d Seats Quota,"VMS Dental College, Salem,Sankari Main Road NH 47 Ariyanoor PO Salem Tamilnadu., Tamil Nadu, 636308",BDS,Open,OBC,Allotted,7
2022,MOPUP,MCC,AIQ,357302,357302,AIR,All India,"GOVT. D.C. & RESEARCH INST,BANGALORE,FORT, VICTORIA HOSPITAL CAMPUS, BANGALORE",BDS,ST,ST,Allotted,7
2022,MOPUP,MCC,AIQ,357488,357488,AIR,All India,"DR. R. AHMED DENT.COLL & HOSP,KOLKATA,114 AJC BOSE ROAD",BDS,ST,ST,Allotted,7
2022,MOPUP,MCC,AIQ,362305,362305,AIR,Deemed/Pai d Seats Quota,"Meenakshi Ammal Dental College and Host., Chennai1,ALAPAKKAM MAIN ROAD MADURAVOYAL CHENNAI, Tamil Nadu, 600095",BDS,Open,OBC,Allotted,7
2022,MOPUP,MCC,AIQ,372724,372724,AIR,All India,"Govt Dental College RIMS Kadapa,PRINCIPAL GOVT DENTAL COLLEGE, RIMS, PUTLAMPALLI KADAPA State ANDHRA PRADESH Pin 516004, Andhra Pradesh, 516004",BDS,ST,ST,Allotted,7
2022,MOPUP,MCC,AIQ,375617,375617,AIR,Deemed/Pai d Seats Quota,"Santosh Dental College and Hospital, Ghaziabad,No.1, Santosh Nagar, Ghaziabad, NCR Delhi, Uttar Pradesh, 201009",BDS,Open,GN,Allotted,7
2022,MOPUP,MCC,AIQ,381310,381310,AIR,Deemed/Pai d Seats Quota,"Meenakshi Ammal Dental College and Host., Chennai1,ALAPAKKAM MAIN ROAD MADURAVOYAL CHENNAI, Tamil Nadu, 600095",BDS,Open,OBC,Allotted,7
2022,MOPUP,MCC,AIQ,381598,381598,AIR,Deemed/Pai d Seats Quota,"Bharati Vidyapeeth DU Dental College and Hospt., Pune,Bharati Vidyapeeth (Deemed to be University) Dental College and Hospital, Pune, Maharashtra, 411043",BDS,Open,GN,Allotted,7
2022,MOPUP,MCC,AIQ,388688,388688,AIR,Deemed/Pai d Seats Quota,"Sharad Pawar Dental College and Hospital, Wardha,Sawangi (Meghe), Wardha, Maharashtra State, INDIA, Maharashtra, 442107",BDS,Open,OBC,Allotted,7
2022,MOPUP,MCC,AIQ,389643,389643,AIR,Deemed/Pai d Seats Quota,"Santosh Dental College and Hospital, Ghaziabad,No.1, Santosh Nagar, Ghaziabad, NCR Delhi, Uttar Pradesh, 201009",BDS,Open,SC,Allotted,7
2022,MOPUP,MCC,AIQ,395121,395121,AIR,All India,"M.G.D.C. & HOSPITAL, PUDUCHERRY,GOVT. OF PUDUCHERRY INSTITUTION, GORIMEDU, PONDICHERRY, Puducherry, 605006",BDS,ST,ST,Allotted,7
2022,MOPUP,MCC,AIQ,397330,397330,AIR,Deemed/Pai d Seats Quota,"Institute of Dental Sciences, Bhubaneswar,K8, Kalinga Nagar, PO-Mahalaxmi Vihar, Bhubaneswar, Odisha, 751003",BDS,Open,GN,Allotted,7
2022,MOPUP,MCC,AIQ,403013,403013,AIR,Deemed/Pai d Seats Quota,"JSS Dental College, Mysuru,The Principal JSS Dental College and Hospital Medical Institutions Campus Bannimantap S S Nagar Mysu, Karnataka, 570015",BDS,Open,GN,Allotted,7
2022,MOPUP,MCC,AIQ,403051,403051,AIR,Deemed/Pai d Seats Quota,"Meenakshi Ammal Dental College and Host., Chennai1,ALAPAKKAM MAIN ROAD MADURAVOYAL CHENNAI, Tamil Nadu, 600095",BDS,Open,OBC,Allotted,7
2022,MOPUP,MCC,AIQ,403512,403512,AIR,All India,"GOVT. DENTAL COLLEGE, KOTTAYAM,Government Dental College, P.O.Gandhinagar Kottayam- 686008, Kerala, 686008",BDS,ST,ST,Allotted,7
2022,MOPUP,MCC,AIQ,403626,403626,AIR,Deemed/Pai d Seats Quota,"BVDU Dental College and Hospital, Sangli,Sangli-Miraj Road, Wanlesswadi Sangli., Maharashtra, 416414",BDS,Open,EWS,Allotted,7
2022,MOPUP,MCC,AIQ,409748,409748,AIR,Deemed/Pai d Seats Quota,"Santosh Dental College and Hospital, Ghaziabad,No.1, Santosh Nagar, Ghaziabad, NCR Delhi, Uttar Pradesh, 201009",BDS,Open,OBC,Allotted,7
2022,MOPUP,MCC,AIQ,417769,417769,AIR,Deemed/Pai d Seats Quota,"AB Shetty Memorial Inst. of Dental Sce., Mangaluru,Deralakatte, Mangaluru, Dakshina Kannada, Karnataka, 575018",BDS,Open,ST,Allotted,7
2022,MOPUP,MCC,AIQ,418262,418262,AIR,Deemed/Pai d Seats Quota,"KLE VK Inst. of Dental Scie. Belagavi,KLE V.K. Institute of Dental Sciences, J.N. Medical College Campus, Nehru Nagar,Belagavi-590010.Karn, Karnataka, 590010",BDS,Open,EWS,Allotted,7
2022,MOPUP,MCC,AIQ,423862,423862,AIR,Deemed/Pai d Seats Quota,"Sharad Pawar Dental College and Hospital, Wardha,Sawangi (Meghe), Wardha, Maharashtra State, INDIA, Maharashtra, 442107",BDS,Open,GN,Allotted,7
2022,MOPUP,MCC,AIQ,431429,431429,AIR,Deemed/Pai d Seats Quota,"VMS Dental College, Salem,Sankari Main Road NH 47 Ariyanoor PO Salem Tamilnadu., Tamil Nadu, 636308",BDS,Open,OBC,Allotted,7
2022,MOPUP,MCC,AIQ,433536,433536,AIR,All India,"Rajah Muthiah Dental College and Hos. , Annamalai ,GOVT DENTAL COLLEGE AND HOSPITAL, CUDDALORE DT- ERSTWHILE RAJAH MUTHIAH DENTAL COLLEGE AND HOSPITAL, Tamil Nadu, 608002",BDS,ST,ST,Allotted,7
2022,MOPUP,MCC,AIQ,439731,439731,AIR,All India,"Burdwan Dental College & Hospital, Burdwan,POWER HOUSE PARA, BURDWAN TOWN. PURBA BARDHAMAN. W.B- 713101",BDS,ST,ST,Allotted,7
2022,MOPUP,MCC,AIQ,440253,440253,AIR,Deemed/Pai d Seats Quota,"Meenakshi Ammal Dental College and Host., Chennai1,ALAPAKKAM MAIN ROAD MADURAVOYAL CHENNAI, Tamil Nadu, 600095",BDS,Open,OBC,Allotted,7
2022,MOPUP,MCC,AIQ,450815,450815,AIR,All India,"NORTH BENGAL DENT.COLL,SUSHRUTNAGAR,P.O SHUSHRUTA NAGAR, DIST. DARJEELING,",BDS,ST,ST,Allotted,7
2022,MOPUP,MCC,AIQ,452721,452721,AIR,All India,"Government Dental College, Thrissur,MEDICAL COLLEGE(P O) THRISSUR, Kerala, 680596",BDS,ST,ST,Allotted,7
2022,MOPUP,MCC,AIQ,454541,454541,AIR,Deemed/Pai d Seats Quota,"BVDU Dental College and Hospital, Navi Mumbai,Bharati Vidyapeeth Dental College and Hospital, Sec.7, Belapur Navi Mumbai., Maharashtra, 400614",BDS,Open,GN,Allotted,7
2022,MOPUP,MCC,AIQ,459413,459413,AIR,Deemed/Pai d Seats Quota,"Meenakshi Ammal Dental College and Host., Chennai1,ALAPAKKAM MAIN ROAD MADURAVOYAL CHENNAI, Tamil Nadu, 600095",BDS,Open,OBC,Allotted,7
2022,MOPUP,MCC,AIQ,462511,462511,AIR,All India,"GOVT. DENTAL COLLEGE, RAIPUR,Near Marahi Mata Mandir, Rajbandha Maidan, Raipur (C.G.), Chhattisgarh, 492001",BDS,ST,ST,Allotted,7
2022,MOPUP,MCC,AIQ,471043,471043,AIR,Deemed/Pai d Seats Quota,"Dr. DY Patil Dental College and Hosp. Navi Mumbai,Dr. D. Y. Patil Vidyanagar, Sector 7, Nerul, Navi Mumbai, Maharashtra, 400706",BDS,Open,GN,Allotted,7
2022,MOPUP,MCC,AIQ,476028,476028,AIR,All India,"GOVT. DC & RESEARCH INSt., BELLARY,GOVT DENTAL COLLEGE AND RI, VIMS CAMPUS, CANTONMENT BELLARY",BDS,ST,ST,Allotted,7
2022,MOPUP,MCC,AIQ,478468,478468,AIR,Deemed/Pai d Seats Quota,"Dr. DY Patil Dental College and Hosp. Navi Mumbai,Dr. D. Y. Patil Vidyanagar, Sector 7, Nerul, Navi Mumbai, Maharashtra, 400706",BDS,Open,GN,Allotted,7
2022,MOPUP,MCC,AIQ,487839,487839,AIR,Deemed/Pai d Seats Quota,"Rural Dental College, Loni,At - Loni Tal - Rahata Dist - Ahmednagar Maharashtra State, India PIN-413736 (Near Shirdi), Maharashtra, 413736",BDS,Open,OBC,Allotted,7
2022,MOPUP,MCC,AIQ,499530,499530,AIR,Deemed/Pai d Seats Quota,"Institute of Dental Sciences, Bhubaneswar,K8, Kalinga Nagar, PO-Mahalaxmi Vihar, Bhubaneswar, Odisha, 751003",BDS,Open,GN,Allotted,7
2022,MOPUP,MCC,AIQ,500080,500080,AIR,Deemed/Pai d Seats Quota,"Meenakshi Ammal Dental College and Host., Chennai1,ALAPAKKAM MAIN ROAD MADURAVOYAL CHENNAI, Tamil Nadu, 600095",BDS,Open,GN,Allotted,7
2022,MOPUP,MCC,AIQ,509038,509038,AIR,All India,"GOVT. DENTAL COLLEGE, TRIVANDRUM,Govt Dental College Thiruvananthapuram Kerala",BDS,ST,ST,Allotted,7
2022,MOPUP,MCC,AIQ,522657,522657,AIR,Deemed/Pai d Seats Quota,"VMS Dental College, Salem,Sankari Main Road NH 47 Ariyanoor PO Salem Tamilnadu., Tamil Nadu, 636308",BDS,Open,OBC,Allotted,7
2022,MOPUP,MCC,AIQ,524287,524287,AIR,Deemed/Pai d Seats Quota,"Dr. DY Patil Dental College and Hosp. Navi Mumbai,Dr. D. Y. Patil Vidyanagar, Sector 7, Nerul, Navi Mumbai, Maharashtra, 400706",BDS,Open,OBC,Allotted,7
2022,MOPUP,MCC,AIQ,527530,527530,AIR,Non- Resident Indian(AMU) Quota,"Dr. Ziauddin Ahmed Dental College and Hospital,ALIGARH,ALIGARH MUSLIM UNIVERSITY, ALIGARH, Uttar Pradesh, 202002",BDS,Open,GN,Allotted,7
2022,MOPUP,MCC,AIQ,534364,534364,AIR,Deemed/Pai d Seats Quota,"Yenepoya Dental College, Yenepoya,University Road Deralakatte Mangaluru, Karnataka, 575018",BDS,Open,OBC,Allotted,7
2022,MOPUP,MCC,AIQ,539844,539844,AIR,Deemed/Pai d Seats Quota,"School of Dental Sciences and KIMSDU, Karad,KARAD, DIST SATARA (MAHARASHTRA STATE) - 415110, Maharashtra, 415110",BDS,Open,GN,Allotted,7
2022,MOPUP,MCC,AIQ,540891,540891,AIR,Deemed/Pai d Seats Quota,"Dr. DY Patil Dental College and Hosp. Pune,Mahesh Nagar, Pimpri, Pune - 411018, Maharashtra, 411018",BDS,Open,GN,Allotted,7
2022,MOPUP,MCC,AIQ,541535,541535,AIR,Deemed/Pai d Seats Quota,"Bharati Vidyapeeth DU Dental College and Hospt., Pune,Bharati Vidyapeeth (Deemed to be University) Dental College and Hospital, Pune, Maharashtra, 411043",BDS,Open,GN,Allotted,7
2022,MOPUP,MCC,AIQ,543823,543823,AIR,Deemed/Pai d Seats Quota,"Rural Dental College, Loni,At - Loni Tal - Rahata Dist - Ahmednagar Maharashtra State, India PIN-413736 (Near Shirdi), Maharashtra, 413736",BDS,Open,EWS,Allotted,7
2022,MOPUP,MCC,AIQ,546006,546006,AIR,Deemed/Pai d Seats Quota,"Santosh Dental College and Hospital, Ghaziabad,No.1, Santosh Nagar, Ghaziabad, NCR Delhi, Uttar Pradesh, 201009",BDS,Open,SC,Allotted,7
2022,MOPUP,MCC,AIQ,559158,559158,AIR,Deemed/Pai d Seats Quota,"Sharad Pawar Dental College and Hospital, Wardha,Sawangi (Meghe), Wardha, Maharashtra State, INDIA, Maharashtra, 442107",BDS,Open,ST,Allotted,7
2022,MOPUP,MCC,AIQ,561996,561996,AIR,Deemed/Pai d Seats Quota,"VMS Dental College, Salem,Sankari Main Road NH 47 Ariyanoor PO Salem Tamilnadu., Tamil Nadu, 636308",BDS,Open,OBC,Allotted,7
2022,MOPUP,MCC,AIQ,562991,562991,AIR,Deemed/Pai d Seats Quota,"Institute of Dental Sciences, Bhubaneswar,K8, Kalinga Nagar, PO-Mahalaxmi Vihar, Bhubaneswar, Odisha, 751003",BDS,Open,OBC,Allotted,7
2022,MOPUP,MCC,AIQ,582488,582488,AIR,Deemed/Pai d Seats Quota,"Dr. DY Patil Dental College and Hosp. Pune,Mahesh Nagar, Pimpri, Pune - 411018, Maharashtra, 411018",BDS,Open,GN,Allotted,7
2022,MOPUP,MCC,AIQ,585881,585881,AIR,Deemed/Pai d Seats Quota,"Santosh Dental College and Hospital, Ghaziabad,No.1, Santosh Nagar, Ghaziabad, NCR Delhi, Uttar Pradesh, 201009",BDS,Open,OBC,Allotted,7
2022,MOPUP,MCC,AIQ,587491,587491,AIR,Deemed/Pai d Seats Quota,"Meenakshi Ammal Dental College and Host., Chennai1,ALAPAKKAM MAIN ROAD MADURAVOYAL CHENNAI, Tamil Nadu, 600095",BDS,Open,OBC,Allotted,7
2022,MOPUP,MCC,AIQ,592601,592601,AIR,Deemed/Pai d Seats Quota,"Dr. DY Patil Dental College and Hosp. Navi Mumbai,Dr. D. Y. Patil Vidyanagar, Sector 7, Nerul, Navi Mumbai, Maharashtra, 400706",BDS,Open,GN,Allotted,7
2022,MOPUP,MCC,AIQ,604294,604294,AIR,Deemed/Pai d Seats Quota,"KLE VK Inst. of Dental Scie. Belagavi,KLE V.K. Institute of Dental Sciences, J.N. Medical College Campus, Nehru Nagar,Belagavi-590010.Karn, Karnataka, 590010",BDS,Open,OBC,Allotted,7
2022,MOPUP,MCC,AIQ,619903,619903,AIR,Deemed/Pai d Seats Quota,"Santosh Dental College and Hospital, Ghaziabad,No.1, Santosh Nagar, Ghaziabad, NCR Delhi, Uttar Pradesh, 201009",BDS,Open,GN,Allotted,7
2022,MOPUP,MCC,AIQ,639267,639267,AIR,Deemed/Pai d Seats Quota,"Meenakshi Ammal Dental College and Host., Chennai1,ALAPAKKAM MAIN ROAD MADURAVOYAL CHENNAI, Tamil Nadu, 600095",BDS,Open,OBC,Allotted,7
2022,MOPUP,MCC,AIQ,639762,639762,AIR,Deemed/Pai d Seats Quota,"BVDU Dental College and Hospital, Sangli,Sangli-Miraj Road, Wanlesswadi Sangli., Maharashtra, 416414",BDS,Open,OBC,Allotted,7
2022,MOPUP,MCC,AIQ,643588,643588,AIR,Deemed/Pai d Seats Quota,"School of Dental Sciences and KIMSDU, Karad,KARAD, DIST SATARA (MAHARASHTRA STATE) - 415110, Maharashtra, 415110",BDS,Open,GN,Allotted,7
2022,MOPUP,MCC,AIQ,659882,659882,AIR,Deemed/Pai d Seats Quota,"Santosh Dental College and Hospital, Ghaziabad,No.1, Santosh Nagar, Ghaziabad, NCR Delhi, Uttar Pradesh, 201009",BDS,Open,GN,Allotted,7
2022,MOPUP,MCC,AIQ,674252,674252,AIR,Deemed/Pai d Seats Quota,"Santosh Dental College and Hospital, Ghaziabad,No.1, Santosh Nagar, Ghaziabad, NCR Delhi, Uttar Pradesh, 201009",BDS,Open,GN,Allotted,7
2022,MOPUP,MCC,AIQ,675723,675723,AIR,Deemed/Pai d Seats Quota,"Yenepoya Dental College, Yenepoya,University Road Deralakatte Mangaluru, Karnataka, 575018",BDS,Open,OBC,Allotted,7
2022,MOPUP,MCC,AIQ,682214,682214,AIR,Deemed/Pai d Seats Quota,"SATHYABAMA UNIV. Dental College and Hospt. Chennai,JEPPIAAR NAGAR RAJIV GANDHI SALAI, Tamil Nadu, 600119",BDS,Open,OBC,Allotted,7
2022,MOPUP,MCC,AIQ,683212,683212,AIR,Deemed/Pai d Seats Quota,"Bharati Vidyapeeth DU Dental College and Hospt., Pune,Bharati Vidyapeeth (Deemed to be University) Dental College and Hospital, Pune, Maharashtra, 411043",BDS,Open,OBC,Allotted,7
2022,MOPUP,MCC,AIQ,687086,687086,AIR,Deemed/Pai d Seats Quota,"Meenakshi Ammal Dental College and Host., Chennai1,ALAPAKKAM MAIN ROAD MADURAVOYAL CHENNAI, Tamil Nadu, 600095",BDS,Open,OBC,Allotted,7
2022,MOPUP,MCC,AIQ,692248,692248,AIR,Deemed/Pai d Seats Quota,"Meenakshi Ammal Dental College and Host., Chennai1,ALAPAKKAM MAIN ROAD MADURAVOYAL CHENNAI, Tamil Nadu, 600095",BDS,Open,OBC,Allotted,7
2022,MOPUP,MCC,AIQ,698876,698876,AIR,Deemed/Pai d Seats Quota,"Meenakshi Ammal Dental College and Host., Chennai1,ALAPAKKAM MAIN ROAD MADURAVOYAL CHENNAI, Tamil Nadu, 600095",BDS,Open,OBC,Allotted,7
2022,MOPUP,MCC,AIQ,699986,699986,AIR,Deemed/Pai d Seats Quota,"KLE VK Inst. of Dental Scie. Belagavi,KLE V.K. Institute of Dental Sciences, J.N. Medical College Campus, Nehru Nagar,Belagavi-590010.Karn, Karnataka, 590010",BDS,Open,OBC,Allotted,7
2022,MOPUP,MCC,AIQ,700029,700029,AIR,Deemed/Pai d Seats Quota,"School of Dental Sciences and KIMSDU, Karad,KARAD, DIST SATARA (MAHARASHTRA STATE) - 415110, Maharashtra, 415110",BDS,Open,SC,Allotted,7
2022,MOPUP,MCC,AIQ,701754,701754,AIR,Deemed/Pai d Seats Quota,"Bharati Vidyapeeth DU Dental College and Hospt., Pune,Bharati Vidyapeeth (Deemed to be University) Dental College and Hospital, Pune, Maharashtra, 411043",BDS,Open,GN,Allotted,7
2022,MOPUP,MCC,AIQ,702659,702659,AIR,Deemed/Pai d Seats Quota,"Yenepoya Dental College, Yenepoya,University Road Deralakatte Mangaluru, Karnataka, 575018",BDS,Open,OBC,Allotted,7
2022,MOPUP,MCC,AIQ,710622,710622,AIR,Deemed/Pai d Seats Quota,"Santosh Dental College and Hospital, Ghaziabad,No.1, Santosh Nagar, Ghaziabad, NCR Delhi, Uttar Pradesh, 201009",BDS,Open,OBC,Allotted,7
2022,MOPUP,MCC,AIQ,711244,711244,AIR,Deemed/Pai d Seats Quota,"Dr. DY Patil Dental College and Hosp. Pune,Mahesh Nagar, Pimpri, Pune - 411018, Maharashtra, 411018",BDS,Open,GN,Allotted,7
2022,MOPUP,MCC,AIQ,716207,716207,AIR,Deemed/Pai d Seats Quota,"Rural Dental College, Loni,At - Loni Tal - Rahata Dist - Ahmednagar Maharashtra State, India PIN-413736 (Near Shirdi), Maharashtra, 413736",BDS,Open,OBC,Allotted,7
2022,MOPUP,MCC,AIQ,731238,731238,AIR,Deemed/Pai d Seats Quota,"Sree Balaji Dental College and Hospital, Chennai,VELACHERY MAIN ROAD, NARAYANAPURAM, PALLIKARANAI, CHENNAI - 600 100, Tamil Nadu, 600100",BDS,Open,OBC,Allotted,7
2022,MOPUP,MCC,AIQ,739947,739947,AIR,Deemed/Pai d Seats Quota,"Dr. DY Patil Dental College and Hosp. Pune,Mahesh Nagar, Pimpri, Pune - 411018, Maharashtra, 411018",BDS,Open,GN,Allotted,7
2022,MOPUP,MCC,AIQ,740606,740606,AIR,Deemed/Pai d Seats Quota,"BVDU Dental College and Hospital, Sangli,Sangli-Miraj Road, Wanlesswadi Sangli., Maharashtra, 416414",BDS,Open,SC,Allotted,7
2022,MOPUP,MCC,AIQ,767552,767552,AIR,Deemed/Pai d Seats Quota,"Dr. DY Patil Dental College and Hosp. Navi Mumbai,Dr. D. Y. Patil Vidyanagar, Sector 7, Nerul, Navi Mumbai, Maharashtra, 400706",BDS,Open,GN,Allotted,7
2022,MOPUP,MCC,AIQ,767795,767795,AIR,Deemed/Pai d Seats Quota,"Sree Balaji Dental College and Hospital, Chennai,VELACHERY MAIN ROAD, NARAYANAPURAM, PALLIKARANAI, CHENNAI - 600 100, Tamil Nadu, 600100",BDS,Open,OBC,Allotted,7
2022,MOPUP,MCC,AIQ,767883,767883,AIR,Deemed/Pai d Seats Quota,"KLE VK Inst. of Dental Scie. Belagavi,KLE V.K. Institute of Dental Sciences, J.N. Medical College Campus, Nehru Nagar,Belagavi-590010.Karn, Karnataka, 590010",BDS,Open,OBC,Allotted,7
2022,MOPUP,MCC,AIQ,768749,768749,AIR,Deemed/Pai d Seats Quota,"Dr. DY Patil Dental College and Hosp. Pune,Mahesh Nagar, Pimpri, Pune - 411018, Maharashtra, 411018",BDS,Open,GN,Allotted,7
2022,MOPUP,MCC,AIQ,769435,769435,AIR,Deemed/Pai d Seats Quota,"Dr. DY Patil Dental College and Hosp. Pune,Mahesh Nagar, Pimpri, Pune - 411018, Maharashtra, 411018",BDS,Open,GN,Allotted,7
2022,MOPUP,MCC,AIQ,786192,786192,AIR,Deemed/Pai d Seats Quota,"Indira Gandhi Dental College and SBV, Pondycherry,SBV Campus, Pillaiyarkuppam, Pondicherry, Puducherry, 607402",BDS,Open,OBC,Allotted,7
2022,MOPUP,MCC,AIQ,809241,809241,AIR,Non- Resident Indian,"Dr. DY Patil Dental College and Hosp. Navi Mumbai,Dr. D. Y. Patil Vidyanagar, Sector 7, Nerul, Navi Mumbai, Maharashtra, 400706",BDS,Open,GN,Allotted,7
2022,MOPUP,MCC,AIQ,810238,810238,AIR,Deemed/Pai d Seats Quota,"Institute of Dental Sciences, Bhubaneswar,K8, Kalinga Nagar, PO-Mahalaxmi Vihar, Bhubaneswar, Odisha, 751003",BDS,Open,OBC,Allotted,7
2022,MOPUP,MCC,AIQ,815172,815172,AIR,Deemed/Pai d Seats Quota,"Indira Gandhi Dental College and SBV, Pondycherry,SBV Campus, Pillaiyarkuppam, Pondicherry, Puducherry, 607402",BDS,Open,OBC,Allotted,7
2022,MOPUP,MCC,AIQ,818952,818952,AIR,Deemed/Pai d Seats Quota,"Dr. DY Patil Dental College and Hosp. Pune,Mahesh Nagar, Pimpri, Pune - 411018, Maharashtra, 411018",BDS,Open,GN,Allotted,7
2022,MOPUP,MCC,AIQ,820211,820211,AIR,Deemed/Pai d Seats Quota,"AB Shetty Memorial Inst. of Dental Sce., Mangaluru,Deralakatte, Mangaluru, Dakshina Kannada, Karnataka, 575018",BDS,Open,ST,Allotted,7
2022,MOPUP,MCC,AIQ,824549,824549,AIR,Deemed/Pai d Seats Quota,"Dr. DY Patil Dental College and Hosp. Pune,Mahesh Nagar, Pimpri, Pune - 411018, Maharashtra, 411018",BDS,Open,OBC,Allotted,7
2022,MOPUP,MCC,AIQ,827749,827749,AIR,Deemed/Pai d Seats Quota,"AB Shetty Memorial Inst. of Dental Sce., Mangaluru,Deralakatte, Mangaluru, Dakshina Kannada, Karnataka, 575018",BDS,Open,ST,Allotted,7
2022,MOPUP,MCC,AIQ,836465,836465,AIR,Deemed/Pai d Seats Quota,"Sree Balaji Dental College and Hospital, Chennai,VELACHERY MAIN ROAD, NARAYANAPURAM, PALLIKARANAI, CHENNAI - 600 100, Tamil Nadu, 600100",BDS,Open,GN,Allotted,7
2022,MOPUP,MCC,AIQ,846505,846505,AIR,Deemed/Pai d Seats Quota,"Dr. DY Patil Dental College and Hosp. Pune,Mahesh Nagar, Pimpri, Pune - 411018, Maharashtra, 411018",BDS,Open,GN,Allotted,7
2022,MOPUP,MCC,AIQ,852247,852247,AIR,Deemed/Pai d Seats Quota,"AB Shetty Memorial Inst. of Dental Sce., Mangaluru,Deralakatte, Mangaluru, Dakshina Kannada, Karnataka, 575018",BDS,Open,GN,Allotted,7
2022,MOPUP,MCC,AIQ,858628,858628,AIR,Deemed/Pai d Seats Quota,"Dr. DY Patil Dental College and Hosp. Navi Mumbai,Dr. D. Y. Patil Vidyanagar, Sector 7, Nerul, Navi Mumbai, Maharashtra, 400706",BDS,Open,EWS,Allotted,7
2022,MOPUP,MCC,AIQ,861038,861038,AIR,Deemed/Pai d Seats Quota,"Meenakshi Ammal Dental College and Host., Chennai1,ALAPAKKAM MAIN ROAD MADURAVOYAL CHENNAI, Tamil Nadu, 600095",BDS,Open,OBC,Allotted,7
2022,MOPUP,MCC,AIQ,865960,865960,AIR,Deemed/Pai d Seats Quota,"AB Shetty Memorial Inst. of Dental Sce., Mangaluru,Deralakatte, Mangaluru, Dakshina Kannada, Karnataka, 575018",BDS,Open,GN,Allotted,7
2022,MOPUP,MCC,AIQ,869957,869957,AIR,Non- Resident Indian,"Dr. DY Patil Dental College and Hosp. Navi Mumbai,Dr. D. Y. Patil Vidyanagar, Sector 7, Nerul, Navi Mumbai, Maharashtra, 400706",BDS,Open,GN,Allotted,7
2022,MOPUP,MCC,AIQ,871055,871055,AIR,Deemed/Pai d Seats Quota,"Santosh Dental College and Hospital, Ghaziabad,No.1, Santosh Nagar, Ghaziabad, NCR Delhi, Uttar Pradesh, 201009",BDS,Open,OBC,Allotted,7
2022,MOPUP,MCC,AIQ,876198,876198,AIR,Deemed/Pai d Seats Quota,"Rural Dental College, Loni,At - Loni Tal - Rahata Dist - Ahmednagar Maharashtra State, India PIN-413736 (Near Shirdi), Maharashtra, 413736",BDS,Open,SC,Allotted,7
2022,MOPUP,MCC,AIQ,879434,879434,AIR,Deemed/Pai d Seats Quota,"Meenakshi Ammal Dental College and Host., Chennai1,ALAPAKKAM MAIN ROAD MADURAVOYAL CHENNAI, Tamil Nadu, 600095",BDS,Open,OBC,Allotted,7
2022,MOPUP,MCC,AIQ,889336,889336,AIR,Deemed/Pai d Seats Quota,"Dr. DY Patil Dental College and Hosp. Pune,Mahesh Nagar, Pimpri, Pune - 411018, Maharashtra, 411018",BDS,Open,OBC,Allotted,7
2022,MOPUP,MCC,AIQ,909842,909842,AIR,Deemed/Pai d Seats Quota,"Rural Dental College, Loni,At - Loni Tal - Rahata Dist - Ahmednagar Maharashtra State, India PIN-413736 (Near Shirdi), Maharashtra, 413736",BDS,Open,OBC,Allotted,7
2022,MOPUP,MCC,AIQ,910706,910706,AIR,Deemed/Pai d Seats Quota,"BVDU Dental College and Hospital, Sangli,Sangli-Miraj Road, Wanlesswadi Sangli., Maharashtra, 416414",BDS,Open,SC,Allotted,7
2022,MOPUP,MCC,AIQ,913613,913613,AIR,Deemed/Pai d Seats Quota,"Sri Siddhartha DentalCollege, Tumkur,AGALAKOTE B H ROAD TUMKUR, Karnataka, 572107",BDS,Open,OBC,Allotted,7
2022,MOPUP,MCC,AIQ,935521,935521,AIR,Deemed/Pai d Seats Quota,"Dr. DY Patil Dental College and Hosp. Pune,Mahesh Nagar, Pimpri, Pune - 411018, Maharashtra, 411018",BDS,Open,ST,Allotted,7
2022,MOPUP,MCC,AIQ,935786,935786,AIR,Deemed/Pai d Seats Quota,"Sri Ramachandra Dental and Hospt., Chennai,No. 1 Ramachandra Nagar, Porur, Chennai., Tamil Nadu, 600116",BDS,Open,OBC,Allotted,7
2022,MOPUP,MCC,AIQ,938461,938461,AIR,Deemed/Pai d Seats Quota,"Meenakshi Ammal Dental College and Host., Chennai1,ALAPAKKAM MAIN ROAD MADURAVOYAL CHENNAI, Tamil Nadu, 600095",BDS,Open,SC,Allotted,7
2022,MOPUP,MCC,AIQ,957557,957557,AIR,Deemed/Pai d Seats Quota,"Dr. DY Patil Dental College and Hosp. Navi Mumbai,Dr. D. Y. Patil Vidyanagar, Sector 7, Nerul, Navi Mumbai, Maharashtra, 400706",BDS,Open,OBC,Allotted,7
2022,MOPUP,MCC,AIQ,959113,959113,AIR,Deemed/Pai d Seats Quota,"School of Dental Sciences and KIMSDU, Karad,KARAD, DIST SATARA (MAHARASHTRA STATE) - 415110, Maharashtra, 415110",BDS,Open,OBC,Allotted,7
2022,MOPUP,MCC,AIQ,964668,964668,AIR,Deemed/Pai d Seats Quota,"Sri Siddhartha DentalCollege, Tumkur,AGALAKOTE B H ROAD TUMKUR, Karnataka, 572107",BDS,Open,SC,Allotted,7
2022,MOPUP,MCC,AIQ,965352,965352,AIR,Deemed/Pai d Seats Quota,"Meenakshi Ammal Dental College and Host., Chennai1,ALAPAKKAM MAIN ROAD MADURAVOYAL CHENNAI, Tamil Nadu, 600095",BDS,Open,SC,Allotted,7
2022,MOPUP,MCC,AIQ,977148,977148,AIR,Deemed/Pai d Seats Quota,"Rural Dental College, Loni,At - Loni Tal - Rahata Dist - Ahmednagar Maharashtra State, India PIN-413736 (Near Shirdi), Maharashtra, 413736",BDS,Open,OBC,Allotted,7
2022,MOPUP,MCC,AIQ,1010344,1010344,AIR,Deemed/Pai d Seats Quota,"BVDU Dental College and Hospital, Sangli,Sangli-Miraj Road, Wanlesswadi Sangli., Maharashtra, 416414",BDS,Open,OBC,Allotted,7
2022,MOPUP,MCC,AIQ,1015277,1015277,AIR,Non- Resident Indian,"Yenepoya Dental College, Yenepoya,University Road Deralakatte Mangaluru, Karnataka, 575018",BDS,Open,OBC,Allotted,7
2022,MOPUP,MCC,AIQ,1026355,1026355,AIR,Deemed/Pai d Seats Quota,"Santosh Dental College and Hospital, Ghaziabad,No.1, Santosh Nagar, Ghaziabad, NCR Delhi, Uttar Pradesh, 201009",BDS,Open,SC,Allotted,7
2022,MOPUP,MCC,AIQ,1027003,1027003,AIR,Deemed/Pai d Seats Quota,"Rural Dental College, Loni,At - Loni Tal - Rahata Dist - Ahmednagar Maharashtra State, India PIN-413736 (Near Shirdi), Maharashtra, 413736",BDS,Open,OBC,Allotted,7
2022,MOPUP,MCC,AIQ,1027795,1027795,AIR,Deemed/Pai d Seats Quota,"Dr. DY Patil Dental College and Hosp. Pune,Mahesh Nagar, Pimpri, Pune - 411018, Maharashtra, 411018",BDS,Open,OBC,Allotted,7
2022,MOPUP,MCC,AIQ,1031725,1031725,AIR,Deemed/Pai d Seats Quota,"BVDU Dental College and Hospital, Sangli,Sangli-Miraj Road, Wanlesswadi Sangli., Maharashtra, 416414",BDS,Open,OBC,Allotted,7
2022,MOPUP,MCC,AIQ,1036511,1036511,AIR,Deemed/Pai d Seats Quota,"School of Dental Sciences and KIMSDU, Karad,KARAD, DIST SATARA (MAHARASHTRA STATE) - 415110, Maharashtra, 415110",BDS,Open,SC,Allotted,7
2022,MOPUP,MCC,AIQ,1038907,1038907,AIR,Deemed/Pai d Seats Quota,"Meenakshi Ammal Dental College and Host., Chennai1,ALAPAKKAM MAIN ROAD MADURAVOYAL CHENNAI, Tamil Nadu, 600095",BDS,Open,OBC,Allotted,7
