year,round,college_code,college_name,course,seat_type,category,closing_rank
2023,R2,M051,,MBBS-GOVT.,GOVT,GM,9340
2023,R2,M001,,MBBS-GOVT.,GOVT,GM,3508
2023,R2,M035,,MBBS-GOVT.,GOVT,GM,67570
2023,R2,M031,,MBBS-GOVT.,GOVT,GM,13106
2023,R2,M037,,MBBS-GOVT.,GOVT,GM,20670
2023,R2,M082,,MBBS-GOVT.,GOVT,GM,8537
2023,R2,M004,,MBBS-GOVT.,GOVT,GM,14612
2023,R2,M001,,MBBS-GOVT.,GOVT,3AG,5673
2023,R2,M001,,MBBS-GOVT.,GOVT,GMH,5871
2023,R2,M011,,MBBS-PRIV.,PRIV,OPN,14160
2023,R2,M001,,MBBS-GOVT.,GOVT,2AG,9801
2023,R2,M021,,MBBS-GOVT.,GOVT,GM,8243
2023,R2,M044,,MBBS-GOVT.,GOVT,GM,42977
2023,R2,M025,,MBBS-GOVT.,GOVT,GM,24513
2023,R2,M001,,MBBS-GOVT.,GOVT,GMR,8224
2023,R2,M001,,MBBS-GOVT.,GOVT,2BG,7894
2023,R2,M001,,MBBS-GOVT.,GOVT,3BG,6011
2023,R2,M066,,MBBS-GOVT.,GOVT,GM,14609
2023,R2,M001,,MBBS-GOVT.,GOVT,GMK,12228
2023,R2,M001,,MBBS-GOVT.,GOVT,1G,13166
2023,R2,M001,,MBBS-GOVT.,GOVT,XD,7280
2023,R2,M072,,MBBS-GOVT.,GOVT,GM,27228
2023,R2,M001,,MBBS-GOVT.,GOVT,GMRH,8266
2023,R2,M021,,MBBS-GOVT.,GOVT,3AG,12077
2023,R2,M021,,MBBS-GOVT.,GOVT,3BG,10261
2023,R2,M001,,MBBS-GOVT.,GOVT,2BH,8313
2023,R2,M021,,MBBS-GOVT.,GOVT,2BG,13215
2023,R2,M003,,MBBS-GOVT.,GOVT,GM,22975
2023,R2,M001,,MBBS-GOVT.,GOVT,3AR,8584
2023,R2,M021,,MBBS-GOVT.,GOVT,GMH,9053
2023,R2,M001,,MBBS-GOVT.,GOVT,2BR,8693
2023,R2,M082,,MBBS-GOVT.,GOVT,GMH,11578
2023,R2,M041,,MBBS-GOVT.,GOVT,GM,21389
2023,R2,M082,,MBBS-GOVT.,GOVT,2BG,15256
2023,R2,M021,,MBBS-GOVT.,GOVT,2AG,15793
2023,R2,M001,,MBBS-GOVT.,GOVT,2AH,9893
2023,R2,M001,,MBBS-GOVT.,GOVT,3BR,9886
2023,R2,M024,,MBBS-GOVT.,GOVT,GM,19359
2023,R2,M082,,MBBS-GOVT.,GOVT,3AG,11592
2023,R2,M061,,MBBS-GOVT.,GOVT,GM,46910
2023,R2,M021,,MBBS-GOVT.,GOVT,GMR,13788
2023,R2,M082,,MBBS-GOVT.,GOVT,3BG,12295
2023,R2,M093,,MBBS-GOVT.,GOVT,GM,68774
2023,R2,M022,,MBBS-GOVT.,GOVT,GM,15215
2023,R2,M050,,MBBS-GOVT.,GOVT,GM,27785
2023,R2,M001,,MBBS-GOVT.,GOVT,2AR,14839
2023,R2,M001,,MBBS-GOVT.,GOVT,STG,37474
2023,R2,M063,,MBBS-GOVT.,GOVT,GM,24671
2023,R2,M082,,MBBS-GOVT.,GOVT,GMR,18085
2023,R2,M009,,MBBS-GOVT.,GOVT,GM,31289
2023,R2,M051,,MBBS-GOVT.,GOVT,2BG,24088
2023,R2,M021,,MBBS-GOVT.,GOVT,3AH,12556
2023,R2,M001,,MBBS-GOVT.,GOVT,SCG,38990
2023,R2,M031,,MBBS-GOVT.,GOVT,GMR,18431
2023,R2,M021,,MBBS-GOVT.,GOVT,1G,18445
2023,R2,M001,,MBBS-GOVT.,GOVT,2AK,13619
2023,R2,M031,,MBBS-GOVT.,GOVT,GMH,15677
2023,R2,M021,,MBBS-GOVT.,GOVT,GMK,20030
2023,R2,M031,,MBBS-GOVT.,GOVT,2AG,22552
2023,R2,M031,,MBBS-GOVT.,GOVT,3BG,15727
2023,R2,M031,,MBBS-GOVT.,GOVT,1G,26176
2023,R2,M021,,MBBS-GOVT.,GOVT,3BR,14190
2023,R2,M002,,MBBS-PRIV.,PRIV,OPN,32314
2023,R2,M031,,MBBS-GOVT.,GOVT,3AG,16622
2023,R2,M011,,MBBS-PRIV.,PRIV,GMP,21388
2023,R2,M031,,MBBS-GOVT.,GOVT,2BG,19230
2023,R2,M082,,MBBS-GOVT.,GOVT,2AG,23190
2023,R2,M004,,MBBS-GOVT.,GOVT,3AG,16912
2023,R2,M021,,MBBS-GOVT.,GOVT,GMRH,15073
2023,R2,M051,,MBBS-GOVT.,GOVT,1G,42606
2023,R2,M031,,MBBS-GOVT.,GOVT,GMK,21551
2023,R2,M021,,MBBS-GOVT.,GOVT,3AR,15515
2023,R2,M066,,MBBS-GOVT.,GOVT,3BG,17115
2023,R2,M001,,MBBS-GOVT.,GOVT,1R,16214
2023,R2,M082,,MBBS-GOVT.,GOVT,D,16626
2023,R2,M003,,MBBS-PRIV.,PRIV,OPN,27498
2023,R2,M001,,MBBS-GOVT.,GOVT,1H,18134
2023,R2,M053,,MBBS-GOVT.,GOVT,GM,45775
2023,R2,M021,,MBBS-GOVT.,GOVT,2AR,20786
2023,R2,M021,,MBBS-GOVT.,GOVT,2AH,18329
2023,R2,M009,,MBBS-PRIV.,PRIV,OPN,27845
2023,R2,M082,,MBBS-GOVT.,GOVT,1G,23841
2023,R2,M066,,MBBS-GOVT.,GOVT,GMR,21999
2023,R2,M024,,MBBS-GOVT.,GOVT,3BG,23862
2023,R2,M074,,MBBS-GOVT.,GOVT,GM,34221
2023,R2,M031,,MBBS-GOVT.,GOVT,3AR,19684
2023,R2,M082,,MBBS-GOVT.,GOVT,GMRH,19720
2023,R2,M031,,MBBS-GOVT.,GOVT,GMRH,20129
2023,R2,M024,,MBBS-GOVT.,GOVT,3AG,21901
2023,R2,M082,,MBBS-GOVT.,GOVT,3BR,20678
2023,R2,M037,,MBBS-GOVT.,GOVT,3BG,24902
2023,R2,M066,,MBBS-GOVT.,GOVT,2BG,20933
2023,R2,M024,,MBBS-GOVT.,GOVT,2BG,22115
2023,R2,M021,,MBBS-GOVT.,GOVT,1R,21182
2023,R2,M031,,MBBS-GOVT.,GOVT,3BR,21240
2023,R2,M024,,MBBS-GOVT.,GOVT,GMR,30267
2023,R2,M051,,MBBS-GOVT.,GOVT,3BG,31838
2023,R2,M037,,MBBS-GOVT.,GOVT,GMR,27460
2023,R2,M041,,MBBS-GOVT.,GOVT,GMH,33475
2023,R2,M037,,MBBS-GOVT.,GOVT,2BG,30201
2023,R2,M021,,MBBS-GOVT.,GOVT,1H,21715
2023,R2,M024,,MBBS-GOVT.,GOVT,2AG,32916
2023,R2,M082,,MBBS-GOVT.,GOVT,GMK,31792
2023,R2,M024,,MBBS-GOVT.,GOVT,1G,30310
2023,R2,M036,,MBBS-GOVT.,GOVT,GM,42176
2023,R2,M037,,MBBS-GOVT.,GOVT,GMH,25775
2023,R2,M031,,MBBS-GOVT.,GOVT,2BH,22725
2023,R2,M031,,MBBS-GOVT.,GOVT,2AR,25544
2023,R2,M031,,MBBS-GOVT.,GOVT,2AH,22878
2023,R2,M051,,MBBS-GOVT.,GOVT,GMR,31327
2023,R2,M037,,MBBS-GOVT.,GOVT,3AG,26680
2023,R2,M004,,MBBS-GOVT.,GOVT,2BG,24638
2023,R2,M037,,MBBS-GOVT.,GOVT,2AG,30105
2023,R2,M011,,MBBS-PRIV.,PRIV,RC8,118155
2023,R2,M003,,MBBS-GOVT.,GOVT,3AG,23220
2023,R2,M004,,MBBS-GOVT.,GOVT,GMH,26782
2023,R2,M004,,MBBS-GOVT.,GOVT,3BG,28805
2023,R2,M041,,MBBS-GOVT.,GOVT,GMR,33529
2023,R2,M068,,MBBS-GOVT.,GOVT,GM,37793
2023,R2,M025,,MBBS-GOVT.,GOVT,GMR,31601
2023,R2,M051,,MBBS-GOVT.,GOVT,D,24756
2023,R2,M041,,MBBS-GOVT.,GOVT,3BG,30144
2023,R2,M003,,MBBS-GOVT.,GOVT,2BG,29920
2023,R2,M025,,MBBS-GOVT.,GOVT,2BG,27812
2023,R2,M093,,MBBS-PRIV.,PRIV,OPN,26386
2023,R2,M031,,MBBS-GOVT.,GOVT,2AK,24931
2023,R2,M002,,MBBS-GOVT.,GOVT,GM,50176
2023,R2,M066,,MBBS-GOVT.,GOVT,1G,25201
2023,R2,M041,,MBBS-GOVT.,GOVT,2BG,33150
2023,R2,M066,,MBBS-GOVT.,GOVT,2AG,30034
2023,R2,M025,,MBBS-GOVT.,GOVT,3AG,25945
2023,R2,M077,,MBBS-GOVT.,GOVT,GM,44423
2023,R2,M031,,MBBS-GOVT.,GOVT,2BR,25303
2023,R2,M084,,MBBS-GOVT.,GOVT,GM,46533
2023,R2,M070,,MBBS-GOVT.,GOVT,GM,39280
2023,R2,M063,,MBBS-GOVT.,GOVT,3BG,30959
2023,R2,M041,,MBBS-GOVT.,GOVT,2AG,33723
2023,R2,M063,,MBBS-GOVT.,GOVT,3AG,28779
2023,R2,M066,,MBBS-GOVT.,GOVT,3AR,25631
2023,R2,M066,,MBBS-GOVT.,GOVT,GMH,25764
2023,R2,M075,,MBBS-GOVT.,GOVT,GM,35788
2023,R2,M063,,MBBS-GOVT.,GOVT,2AG,36845
2023,R2,M068,,MBBS-PRIV.,PRIV,OPN,35751
2023,R2,M004,,MBBS-PRIV.,PRIV,OPN,50464
2023,R2,M063,,MBBS-GOVT.,GOVT,GMR,31001
2023,R2,M025,,MBBS-GOVT.,GOVT,3BG,31133
2023,R2,M041,,MBBS-GOVT.,GOVT,3AG,28520
2023,R2,M037,,MBBS-GOVT.,GOVT,GMK,27121
2023,R2,M063,,MBBS-GOVT.,GOVT,1G,36864
2023,R2,M037,,MBBS-GOVT.,GOVT,1G,35286
2023,R2,M025,,MBBS-GOVT.,GOVT,2AG,38521
2023,R2,M082,,MBBS-GOVT.,GOVT,2AH,30209
2023,R2,M042,,MBBS-PRIV.,PRIV,OPN,45943
2023,R2,M037,,MBBS-GOVT.,GOVT,3AH,27179
2023,R2,M025,,MBBS-GOVT.,GOVT,CAP,27224
2023,R2,M004,,MBBS-GOVT.,GOVT,GMR,41376
2023,R2,M045,,MBBS-GOVT.,GOVT,GM,40092
2023,R2,M063,,MBBS-GOVT.,GOVT,GMK,39161
2023,R2,M037,,MBBS-GOVT.,GOVT,3BH,27596
2023,R2,M050,,MBBS-PRIV.,PRIV,OPN,35207
2023,R2,M063,,MBBS-GOVT.,GOVT,GMH,32365
2023,R2,M072,,MBBS-GOVT.,GOVT,GMH,42171
2023,R2,M051,,MBBS-GOVT.,GOVT,3AG,32993
2023,R2,M003,,MBBS-GOVT.,GOVT,GMH,34532
2023,R2,M063,,MBBS-GOVT.,GOVT,2BG,38671
2023,R2,M031,,MBBS-GOVT.,GOVT,1H,28195
2023,R2,M025,,MBBS-GOVT.,GOVT,D,28443
2023,R2,M072,,MBBS-GOVT.,GOVT,2BG,28468
2023,R2,M031,,MBBS-GOVT.,GOVT,3BK,28769
2023,R2,M003,,MBBS-PRIV.,PRIV,GMP,74193
2023,R2,M032,,MBBS-GOVT.,GOVT,GM,32444
2023,R2,M082,,MBBS-GOVT.,GOVT,2AR,31948
2023,R2,M037,,MBBS-GOVT.,GOVT,3BR,29788
2023,R2,M023,,MBBS-GOVT.,GOVT,GM,62755
2023,R2,M025,,MBBS-GOVT.,GOVT,GMH,38535
2023,R2,M061,,MBBS-PRIV.,PRIV,OPN,42962
2023,R2,M024,,MBBS-GOVT.,GOVT,3AR,30350
2023,R2,M037,,MBBS-GOVT.,GOVT,2AR,32147
2023,R2,M021,,MBBS-GOVT.,GOVT,2BR,30652
2023,R2,M076,,MBBS-GOVT.,GOVT,GM,48219
2023,R2,M003,,MBBS-GOVT.,GOVT,GMR,38389
2023,R2,M066,,MBBS-GOVT.,GOVT,2AR,31233
2023,R2,M035,,MBBS-PRIV.,PRIV,OPN,65518
2023,R2,M022,,MBBS-GOVT.,GOVT,3AG,31317
2023,R2,M072,,MBBS-GOVT.,GOVT,3BG,31321
2023,R2,M004,,MBBS-GOVT.,GOVT,2AG,35513
2023,R2,M008,,MBBS-PRIV.,PRIV,OPN,38597
2023,R2,M021,,MBBS-GOVT.,GOVT,SCG,64373
2023,R2,M064,,MBBS-GOVT.,GOVT,GM,64919
2023,R2,M031,,MBBS-GOVT.,GOVT,1R,32138
2023,R2,M079,,MBBS-PRIV.,PRIV,OPN,57571
2023,R2,M085,,MBBS-GOVT.,GOVT,GM,54410
2023,R2,M009,,MBBS-GOVT.,GOVT,2BG,35660
2023,R2,M063,,MBBS-GOVT.,GOVT,3AR,32410
2023,R2,M011,,MBBS-PRIV.,PRIV,RC3,447944
2023,R2,M063,,MBBS-GOVT.,GOVT,3BR,32779
2023,R2,M051,,MBBS-GOVT.,GOVT,2AG,44420
2023,R2,M073,,MBBS-GOVT.,GOVT,GM,44457
2023,R2,M041,,MBBS-GOVT.,GOVT,1G,33726
2023,R2,M003,,MBBS-GOVT.,GOVT,3BG,43423
2023,R2,M037,,MBBS-GOVT.,GOVT,2AH,45680
2023,R2,M024,,MBBS-GOVT.,GOVT,2BR,33787
2023,R2,M082,,MBBS-GOVT.,GOVT,1RH,33792
2023,R2,M025,,MBBS-GOVT.,GOVT,3BR,33846
2023,R2,M041,,MBBS-GOVT.,GOVT,2BH,37518
2023,R2,M025,,MBBS-GOVT.,GOVT,3AR,34181
2023,R2,M050,,MBBS-GOVT.,GOVT,3BG,34226
2023,R2,M010,,MBBS-GOVT.,GOVT,GM,49658
2023,R2,M074,,MBBS-GOVT.,GOVT,3BG,38979
2023,R2,M041,,MBBS-GOVT.,GOVT,3AH,42159
2023,R2,M024,,MBBS-GOVT.,GOVT,GMH,37903
2023,R2,M074,,MBBS-GOVT.,GOVT,3AG,42286
2023,R2,M041,,MBBS-GOVT.,GOVT,GMRH,41466
2023,R2,M003,,MBBS-GOVT.,GOVT,2AG,45123
2023,R2,M010,,MBBS-PRIV.,PRIV,OPN,43760
2023,R2,M041,,MBBS-GOVT.,GOVT,GMK,35765
2023,R2,M004,,MBBS-GOVT.,GOVT,1G,41256
2023,R2,M041,,MBBS-GOVT.,GOVT,2AH,47937
2023,R2,M050,,MBBS-GOVT.,GOVT,GMR,40585
2023,R2,M074,,MBBS-GOVT.,GOVT,GMH,40248
2023,R2,M041,,MBBS-GOVT.,GOVT,3BH,40128
2023,R2,M074,,MBBS-GOVT.,GOVT,GMR,43607
2023,R2,M075,,MBBS-GOVT.,GOVT,3AG,41404
2023,R2,M075,,MBBS-GOVT.,GOVT,GMR,47531
2023,R2,M031,,MBBS-GOVT.,GOVT,SCG,78629
2023,R2,M071,,MBBS-PRIV.,PRIV,OPN,49198
2023,R2,M072,,MBBS-GOVT.,GOVT,3AG,36208
2023,R2,M054,,MBBS-PRIV.,PRIV,OPN,73286
2023,R2,M075,,MBBS-GOVT.,GOVT,3BG,42380
2023,R2,M041,,MBBS-GOVT.,GOVT,2AR,36675
2023,R2,M009,,MBBS-GOVT.,GOVT,3AG,37867
2023,R2,M074,,MBBS-GOVT.,GOVT,2AG,47777
2023,R2,M024,,MBBS-GOVT.,GOVT,2AR,42135
2023,R2,M041,,MBBS-GOVT.,GOVT,1H,46022
2023,R2,M066,,MBBS-GOVT.,GOVT,2AH,37036
2023,R2,M022,,MBBS-GOVT.,GOVT,GMH,37280
2023,R2,M063,,MBBS-GOVT.,GOVT,2AR,39370
2023,R2,M009,,MBBS-GOVT.,GOVT,2AG,59207
2023,R2,M025,,MBBS-GOVT.,GOVT,1G,39346
2023,R2,M072,,MBBS-GOVT.,GOVT,GMR,41102
2023,R2,M050,,MBBS-GOVT.,GOVT,2BG,37758
2023,R2,M021,,MBBS-GOVT.,GOVT,STG,58572
2023,R2,M024,,MBBS-GOVT.,GOVT,GMK,39551
2023,R2,M083,,MBBS-GOVT.,GOVT,GM,64866
2023,R2,M052,,MBBS-GOVT.,GOVT,GM,56850
2023,R2,M082,,MBBS-GOVT.,GOVT,2AK,38291
2023,R2,M081,,MBBS-GOVT.,GOVT,GM,74343
2023,R2,M001,,MBBS-GOVT.,GOVT,STH,38710
2023,R2,M025,,MBBS-GOVT.,GOVT,GMK,43226
2023,R2,M075,,MBBS-GOVT.,GOVT,2BG,45765
2023,R2,M074,,MBBS-GOVT.,GOVT,2BG,45057
2023,R2,M067,,MBBS-GOVT.,GOVT,GM,68748
2023,R2,M078,,MBBS-PRIV.,PRIV,OPN,47126
2023,R2,M081,,MBBS-PRIV.,PRIV,OPN,52262
2023,R2,M045,,MBBS-GOVT.,GOVT,GMH,50825
2023,R2,M075,,MBBS-GOVT.,GOVT,1G,54196
2023,R2,M075,,MBBS-GOVT.,GOVT,2AG,50921
2023,R2,M025,,MBBS-GOVT.,GOVT,3BH,40698
2023,R2,M092,,MBBS-GOVT.,GOVT,GM,65180
2023,R2,M025,,MBBS-GOVT.,GOVT,2AR,42271
2023,R2,M082,,MBBS-GOVT.,GOVT,SCG,72886
2023,R2,M041,,MBBS-GOVT.,GOVT,GMKH,43278
2023,R2,M008,,MBBS-GOVT.,GOVT,GM,65053
2023,R2,M050,,MBBS-GOVT.,GOVT,3BR,41623
2023,R2,M068,,MBBS-GOVT.,GOVT,3AG,43503
2023,R2,M037,,MBBS-GOVT.,GOVT,2AK,41927
2023,R2,M041,,MBBS-GOVT.,GOVT,3BK,42096
2023,R2,M070,,MBBS-GOVT.,GOVT,GMR,42100
2023,R2,M072,,MBBS-GOVT.,GOVT,XD,42252
2023,R2,M063,,MBBS-GOVT.,GOVT,1R,42293
2023,R2,M063,,MBBS-GOVT.,GOVT,3BRH,42369
2023,R2,M001,,MBBS-GOVT.,GOVT,SCH,47087
2023,R2,M072,,MBBS-GOVT.,GOVT,GMKH,44049
2023,R2,M024,,MBBS-GOVT.,GOVT,2BH,42553
2023,R2,M070,,MBBS-GOVT.,GOVT,GMH,55206
2023,R2,M045,,MBBS-GOVT.,GOVT,3AG,42703
2023,R2,M045,,MBBS-GOVT.,GOVT,3BG,42855
2023,R2,M074,,MBBS-GOVT.,GOVT,3BH,42975
2023,R2,M044,,MBBS-GOVT.,GOVT,3BG,43081
2023,R2,M072,,MBBS-GOVT.,GOVT,2AG,45826
2023,R2,M045,,MBBS-GOVT.,GOVT,D,43138
2023,R2,M072,,MBBS-GOVT.,GOVT,3BH,43749
2023,R2,M072,,MBBS-GOVT.,GOVT,3BR,43159
2023,R2,M072,,MBBS-GOVT.,GOVT,2BH,48520
2023,R2,M074,,MBBS-GOVT.,GOVT,1G,50090
2023,R2,M072,,MBBS-GOVT.,GOVT,1G,43517
2023,R2,M044,,MBBS-GOVT.,GOVT,GMH,56873
2023,R2,M024,,MBBS-GOVT.,GOVT,1R,43555
2023,R2,M062,,MBBS-PRIV.,PRIV,OPN,56169
2023,R2,M031,,MBBS-GOVT.,GOVT,STG,78768
2023,R2,M004,,MBBS-GOVT.,GOVT,3BR,44038
2023,R2,M041,,MBBS-GOVT.,GOVT,3BRH,44113
2023,R2,M045,,MBBS-GOVT.,GOVT,GMR,45957
2023,R2,M009,,MBBS-PRIV.,PRIV,GMP,81553
2023,R2,M072,,MBBS-GOVT.,GOVT,1H,50655
2023,R2,M025,,MBBS-GOVT.,GOVT,1R,44456
2023,R2,M044,,MBBS-GOVT.,GOVT,GMR,45887
2023,R2,M068,,MBBS-GOVT.,GOVT,D,44578
2023,R2,M001,,MBBS-GOVT.,GOVT,SCR,52877
2023,R2,M072,,MBBS-GOVT.,GOVT,3BKH,44638
2023,R2,M077,,MBBS-GOVT.,GOVT,GMH,60757
2023,R2,M074,,MBBS-GOVT.,GOVT,GMK,50377
2023,R2,M003,,MBBS-GOVT.,GOVT,3AR,44918
2023,R2,M065,,MBBS-PRIV.,PRIV,OPN,58382
2023,R2,M036,,MBBS-GOVT.,GOVT,GMH,45131
2023,R2,M051,,MBBS-GOVT.,GOVT,2BH,45180
2023,R2,M077,,MBBS-GOVT.,GOVT,3AG,46790
2023,R2,M045,,MBBS-GOVT.,GOVT,2BG,50959
2023,R2,M070,,MBBS-GOVT.,GOVT,XD,45436
2023,R2,M036,,MBBS-GOVT.,GOVT,GMR,60733
2023,R2,M077,,MBBS-GOVT.,GOVT,GMR,50258
2023,R2,M063,,MBBS-GOVT.,GOVT,3AH,45609
2023,R2,M051,,MBBS-GOVT.,GOVT,2AR,45657
2023,R2,M072,,MBBS-GOVT.,GOVT,GMRH,51586
2023,R2,M073,,MBBS-GOVT.,GOVT,3BG,46435
2023,R2,M022,,MBBS-GOVT.,GOVT,GMR,46031
2023,R2,M077,,MBBS-GOVT.,GOVT,3BG,48850
2023,R2,M044,,MBBS-GOVT.,GOVT,3AG,46235
2023,R2,M063,,MBBS-GOVT.,GOVT,2AH,46272
2023,R2,M041,,MBBS-GOVT.,GOVT,3ARH,46387
2023,R2,M063,,MBBS-GOVT.,GOVT,2BR,46434
2023,R2,M022,,MBBS-GOVT.,GOVT,2AG,46745
2023,R2,M041,,MBBS-GOVT.,GOVT,2BRH,46617
2023,R2,M024,,MBBS-GOVT.,GOVT,GMKH,46690
2023,R2,M070,,MBBS-GOVT.,GOVT,2AG,49810
2023,R2,M086,,MBBS-GOVT.,GOVT,GM,60317
2023,R2,M073,,MBBS-GOVT.,GOVT,GMH,61637
2023,R2,M087,,MBBS-GOVT.,GOVT,GM,61191
2023,R2,M069,,MBBS-PRIV.,PRIV,OPN,72044
2023,R2,M025,,MBBS-GOVT.,GOVT,1K,46839
2023,R2,M073,,MBBS-GOVT.,GOVT,GMR,47097
2023,R2,M036,,MBBS-GOVT.,GOVT,3BG,51457
2023,R2,M024,,MBBS-GOVT.,GOVT,GMRH,46971
2023,R2,M084,,MBBS-GOVT.,GOVT,3AG,50154
2023,R2,M068,,MBBS-GOVT.,GOVT,3BG,54908
2023,R2,M025,,MBBS-GOVT.,GOVT,2BH,47395
2023,R2,M045,,MBBS-GOVT.,GOVT,2AG,53727
2023,R2,M050,,MBBS-GOVT.,GOVT,2AG,58994
2023,R2,M061,,MBBS-GOVT.,GOVT,3BG,50539
2023,R2,M061,,MBBS-GOVT.,GOVT,GMR,56105
2023,R2,M075,,MBBS-GOVT.,GOVT,3AR,47736
2023,R2,M062,,MBBS-GOVT.,GOVT,GM,60558
2023,R2,M024,,MBBS-GOVT.,GOVT,2AK,47974
2023,R2,M009,,MBBS-GOVT.,GOVT,GMH,57026
2023,R2,M072,,MBBS-GOVT.,GOVT,3AH,49556
2023,R2,M042,,MBBS-GOVT.,GOVT,GM,67447
2023,R2,M041,,MBBS-GOVT.,GOVT,2AK,48306
2023,R2,M044,,MBBS-GOVT.,GOVT,2AG,55494
2023,R2,M061,,MBBS-GOVT.,GOVT,GMH,53090
2023,R2,M076,,MBBS-GOVT.,GOVT,3AG,49891
2023,R2,M025,,MBBS-GOVT.,GOVT,2BR,48570
2023,R2,M044,,MBBS-GOVT.,GOVT,2BG,48578
2023,R2,M074,,MBBS-GOVT.,GOVT,2AH,53990
2023,R2,M020,,MBBS-PRIV.,PRIV,OPN,68278
2023,R2,M075,,MBBS-GOVT.,GOVT,XD,48839
2023,R2,M003,,MBBS-GOVT.,GOVT,1G,48951
2023,R2,M050,,MBBS-GOVT.,GOVT,GMH,48928
2023,R2,M076,,MBBS-GOVT.,GOVT,3BG,50347
2023,R2,M074,,MBBS-GOVT.,GOVT,2AR,49333
2023,R2,M041,,MBBS-GOVT.,GOVT,1RH,49190
2023,R2,M066,,MBBS-GOVT.,GOVT,1R,49223
2023,R2,M077,,MBBS-GOVT.,GOVT,2AG,53648
2023,R2,M072,,MBBS-GOVT.,GOVT,2AH,60809
2023,R2,M041,,MBBS-GOVT.,GOVT,2AKH,49310
2023,R2,M084,,MBBS-GOVT.,GOVT,2AG,65389
2023,R2,M073,,MBBS-GOVT.,GOVT,3AR,49358
2023,R2,M084,,MBBS-GOVT.,GOVT,2BG,51290
2023,R2,M004,,MBBS-GOVT.,GOVT,SCG,105689
2023,R2,M076,,MBBS-GOVT.,GOVT,GMR,54967
2023,R2,M061,,MBBS-GOVT.,GOVT,3AG,55347
2023,R2,M001,,MBBS-GOVT.,GOVT,STR,51427
2023,R2,M004,,MBBS-GOVT.,GOVT,2AR,50047
2023,R2,M011,,MBBS-PRIV.,PRIV,RC7,90163
2023,R2,M025,,MBBS-GOVT.,GOVT,2AK,50157
2023,R2,M036,,MBBS-GOVT.,GOVT,3AG,50210
2023,R2,M068,,MBBS-GOVT.,GOVT,1G,66534
2023,R2,M025,,MBBS-GOVT.,GOVT,2AH,50300
2023,R2,M066,,MBBS-GOVT.,GOVT,SCG,97317
2023,R2,M074,,MBBS-GOVT.,GOVT,3BK,50546
2023,R2,M073,,MBBS-GOVT.,GOVT,2AG,55728
2023,R2,M084,,MBBS-GOVT.,GOVT,GMR,53034
2023,R2,M009,,MBBS-GOVT.,GOVT,3BG,51756
2023,R2,M066,,MBBS-GOVT.,GOVT,2BR,50860
2023,R2,M084,,MBBS-GOVT.,GOVT,GMH,66949
2023,R2,M010,,MBBS-GOVT.,GOVT,GMR,54932
2023,R2,M002,,MBBS-GOVT.,GOVT,GMH,53226
2023,R2,M076,,MBBS-GOVT.,GOVT,GMH,60051
2023,R2,M076,,MBBS-GOVT.,GOVT,2BG,57878
2023,R2,M003,,MBBS-GOVT.,GOVT,2AR,51170
2023,R2,M053,,MBBS-GOVT.,GOVT,GMH,65334
2023,R2,M084,,MBBS-GOVT.,GOVT,3BG,52570
2023,R2,M072,,MBBS-GOVT.,GOVT,2AR,51275
2023,R2,M068,,MBBS-GOVT.,GOVT,2BG,59790
2023,R2,M075,,MBBS-GOVT.,GOVT,GMH,54332
2023,R2,M045,,MBBS-GOVT.,GOVT,3BH,55560
2023,R2,M050,,MBBS-PRIV.,PRIV,GMP,77906
2023,R2,M045,,MBBS-GOVT.,GOVT,GMRH,56827
2023,R2,M076,,MBBS-GOVT.,GOVT,1G,55193
2023,R2,M077,,MBBS-GOVT.,GOVT,2BG,52663
2023,R2,M072,,MBBS-GOVT.,GOVT,3BRH,51644
2023,R2,M032,,MBBS-GOVT.,GOVT,3BG,51813
2023,R2,M020,,MBBS-GOVT.,GOVT,GM,74600
2023,R2,M045,,MBBS-GOVT.,GOVT,3AH,57247
2023,R2,M077,,MBBS-GOVT.,GOVT,3BR,52117
2023,R2,M025,,MBBS-GOVT.,GOVT,GMKH,52322
2023,R2,M010,,MBBS-GOVT.,GOVT,2BG,52348
2023,R2,M045,,MBBS-GOVT.,GOVT,2BH,59562
2023,R2,M024,,MBBS-GOVT.,GOVT,2ARH,52469
2023,R2,M002,,MBBS-GOVT.,GOVT,3BG,52659
2023,R2,M041,,MBBS-GOVT.,GOVT,2ARH,60002
2023,R2,M076,,MBBS-GOVT.,GOVT,2AG,61361
2023,R2,M045,,MBBS-GOVT.,GOVT,GMK,52964
2023,R2,M073,,MBBS-GOVT.,GOVT,GMK,53038
2023,R2,M036,,MBBS-GOVT.,GOVT,2AG,67956
2023,R2,M084,,MBBS-GOVT.,GOVT,3BR,53466
2023,R2,M024,,MBBS-GOVT.,GOVT,3BK,53714
2023,R2,M072,,MBBS-GOVT.,GOVT,2AK,53743
2023,R2,M061,,MBBS-GOVT.,GOVT,2BG,54797
2023,R2,M010,,MBBS-GOVT.,GOVT,3BG,53922
2023,R2,M077,,MBBS-GOVT.,GOVT,2AR,54559
2023,R2,M090,,MBBS-PRIV.,PRIV,OPN,79322
2023,R2,M033,,MBBS-PRIV.,PRIV,OPN,75214
2023,R2,M068,,MBBS-GOVT.,GOVT,2AG,74860
2023,R2,M085,,MBBS-GOVT.,GOVT,3AG,54775
2023,R2,M045,,MBBS-GOVT.,GOVT,1G,58343
2023,R2,M075,,MBBS-GOVT.,GOVT,2AR,59215
2023,R2,M009,,MBBS-GOVT.,GOVT,GMR,66012
2023,R2,M076,,MBBS-GOVT.,GOVT,3AR,55123
2023,R2,M045,,MBBS-GOVT.,GOVT,GMKH,55199
2023,R2,M045,,MBBS-GOVT.,GOVT,2AH,68767
2023,R2,M085,,MBBS-GOVT.,GOVT,2BG,57073
2023,R2,M009,,MBBS-GOVT.,GOVT,1G,62194
2023,R2,M075,,MBBS-GOVT.,GOVT,1R,55399
2023,R2,M085,,MBBS-GOVT.,GOVT,GMR,59266
2023,R2,M036,,MBBS-GOVT.,GOVT,2BG,55656
2023,R2,M076,,MBBS-GOVT.,GOVT,3BR,55762
2023,R2,M070,,MBBS-GOVT.,GOVT,2BH,55830
2023,R2,M068,,MBBS-GOVT.,GOVT,GMR,64959
2023,R2,M084,,MBBS-GOVT.,GOVT,1G,63014
2023,R2,M036,,MBBS-GOVT.,GOVT,1G,56092
2023,R2,M090,,MBBS-GOVT.,GOVT,GM,68922
2023,R2,M071,,MBBS-GOVT.,GOVT,GM,70188
2023,R2,M085,,MBBS-GOVT.,GOVT,2AG,68691
2023,R2,M070,,MBBS-GOVT.,GOVT,2AH,67992
2023,R2,M082,,MBBS-GOVT.,GOVT,STG,73262
2023,R2,M085,,MBBS-GOVT.,GOVT,3BG,62200
2023,R2,M033,,MBBS-GOVT.,GOVT,GM,78720
2023,R2,M061,,MBBS-GOVT.,GOVT,2AG,71347
2023,R2,M044,,MBBS-GOVT.,GOVT,GMRH,69473
2023,R2,M041,,MBBS-GOVT.,GOVT,STG,96673
2023,R2,M073,,MBBS-GOVT.,GOVT,2AR,57369
2023,R2,M044,,MBBS-GOVT.,GOVT,3BH,60745
2023,R2,M003,,MBBS-GOVT.,GOVT,2AH,57447
2023,R2,M053,,MBBS-GOVT.,GOVT,GMR,63715
2023,R2,M054,,MBBS-GOVT.,GOVT,GM,74318
2023,R2,M044,,MBBS-GOVT.,GOVT,1G,57727
2023,R2,M044,,MBBS-GOVT.,GOVT,3AH,59792
2023,R2,M072,,MBBS-GOVT.,GOVT,SCG,110082
2023,R2,M043,,MBBS-GOVT.,GOVT,GM,72016
2023,R2,M077,,MBBS-GOVT.,GOVT,GMK,66912
2023,R2,M072,,MBBS-GOVT.,GOVT,2BK,58475
2023,R2,M024,,MBBS-GOVT.,GOVT,SCG,100935
2023,R2,M077,,MBBS-GOVT.,GOVT,1G,63493
2023,R2,M065,,MBBS-GOVT.,GOVT,GM,77161
2023,R2,M050,,MBBS-GOVT.,GOVT,3AR,59145
2023,R2,M036,,MBBS-GOVT.,GOVT,3AH,59177
2023,R2,M067,,MBBS-PRIV.,PRIV,OPN,77815
2023,R2,M045,,MBBS-GOVT.,GOVT,1H,64982
2023,R2,M025,,MBBS-GOVT.,GOVT,2BK,59462
2023,R2,M076,,MBBS-GOVT.,GOVT,2BR,59560
2023,R2,M001,,MBBS-GOVT.,GOVT,SCK,59688
2023,R2,M079,,MBBS-GOVT.,GOVT,GM,78080
2023,R2,M070,,MBBS-GOVT.,GOVT,3BH,60101
2023,R2,M043,,MBBS-PRIV.,PRIV,OPN,74541
2023,R2,M044,,MBBS-GOVT.,GOVT,GMK,60146
2023,R2,M052,,MBBS-GOVT.,GOVT,2BG,64448
2023,R2,M010,,MBBS-GOVT.,GOVT,2AG,76379
2023,R2,M044,,MBBS-GOVT.,GOVT,2BH,62895
2023,R2,M078,,MBBS-GOVT.,GOVT,GM,73935
2023,R2,M062,,MBBS-GOVT.,GOVT,3BG,63084
2023,R2,M051,,MBBS-GOVT.,GOVT,SCG,122763
2023,R2,M086,,MBBS-GOVT.,GOVT,3AG,61272
2023,R2,M050,,MBBS-GOVT.,GOVT,1G,60948
2023,R2,M061,,MBBS-GOVT.,GOVT,3BR,61039
2023,R2,M045,,MBBS-GOVT.,GOVT,2AR,61081
2023,R2,M061,,MBBS-GOVT.,GOVT,1G,62261
2023,R2,M064,,MBBS-PRIV.,PRIV,OPN,132256
2023,R2,M086,,MBBS-GOVT.,GOVT,3BG,63578
2023,R2,M032,,MBBS-GOVT.,GOVT,2BG,61247
2023,R2,M044,,MBBS-GOVT.,GOVT,2AR,61342
2023,R2,M036,,MBBS-GOVT.,GOVT,GMK,61355
2023,R2,M087,,MBBS-GOVT.,GOVT,3BG,61540
2023,R2,M044,,MBBS-GOVT.,GOVT,2AH,79103
2023,R2,M087,,MBBS-GOVT.,GOVT,GMR,66518
2023,R2,M073,,MBBS-GOVT.,GOVT,3BH,62934
2023,R2,M086,,MBBS-GOVT.,GOVT,2AG,71370
2023,R2,M085,,MBBS-GOVT.,GOVT,3AR,61771
2023,R2,M087,,MBBS-GOVT.,GOVT,2AG,70231
2023,R2,M082,,MBBS-GOVT.,GOVT,JK,62057
2023,R2,M002,,MBBS-GOVT.,GOVT,2AG,74733
2023,R2,M086,,MBBS-GOVT.,GOVT,GMR,66239
2023,R2,M063,,MBBS-GOVT.,GOVT,STG,92056
2023,R2,M087,,MBBS-GOVT.,GOVT,3AG,63446
2023,R2,M010,,MBBS-PRIV.,PRIV,GMP,93568
2023,R2,M087,,MBBS-GOVT.,GOVT,GMH,73931
2023,R2,M062,,MBBS-GOVT.,GOVT,GMR,68895
2023,R2,M068,,MBBS-GOVT.,GOVT,GMH,63505
2023,R2,M021,,MBBS-GOVT.,GOVT,STR,62397
2023,R2,M076,,MBBS-GOVT.,GOVT,2AR,64193
2023,R2,M066,,MBBS-GOVT.,GOVT,NCC,62855
2023,R2,M062,,MBBS-GOVT.,GOVT,3AG,64497
2023,R2,M076,,MBBS-GOVT.,GOVT,3BH,62953
2023,R2,M052,,MBBS-GOVT.,GOVT,GMR,66715
2023,R2,M024,,MBBS-GOVT.,GOVT,STG,100096
2023,R2,M066,,MBBS-GOVT.,GOVT,GMK,63101
2023,R2,M076,,MBBS-GOVT.,GOVT,GMK,64099
2023,R2,M023,,MBBS-GOVT.,GOVT,3BG,69654
2023,R2,M023,,MBBS-GOVT.,GOVT,GMR,71865
2023,R2,M085,,MBBS-GOVT.,GOVT,3BR,63290
2023,R2,M061,,MBBS-GOVT.,GOVT,3BH,63648
2023,R2,M072,,MBBS-GOVT.,GOVT,2AKH,63653
2023,R2,M025,,MBBS-GOVT.,GOVT,3AK,63908
2023,R2,M086,,MBBS-GOVT.,GOVT,2BG,70194
2023,R2,M091,,MBBS-PRIV.,PRIV,OPN,82888
2023,R2,M010,,MBBS-GOVT.,GOVT,1G,64065
2023,R2,M021,,MBBS-GOVT.,GOVT,JK,64201
2023,R2,M073,,MBBS-GOVT.,GOVT,2BH,64220
2023,R2,M075,,MBBS-GOVT.,GOVT,2BH,64289
2023,R2,M074,,MBBS-GOVT.,GOVT,2AK,64293
2023,R2,M086,,MBBS-GOVT.,GOVT,GMK,75865
2023,R2,M085,,MBBS-GOVT.,GOVT,GMH,64537
2023,R2,M073,,MBBS-GOVT.,GOVT,1R,64679
2023,R2,M002,,MBBS-GOVT.,GOVT,GMR,70335
2023,R2,M044,,MBBS-GOVT.,GOVT,1H,71625
2023,R2,M023,,MBBS-GOVT.,GOVT,3AG,66553
2023,R2,M085,,MBBS-GOVT.,GOVT,1G,67357
2023,R2,M092,,MBBS-GOVT.,GOVT,GMR,69845
2023,R2,M085,,MBBS-GOVT.,GOVT,GMK,72931
2023,R2,M061,,MBBS-GOVT.,GOVT,2BH,65355
2023,R2,M021,,MBBS-GOVT.,GOVT,SCH,65366
2023,R2,M085,,MBBS-GOVT.,GOVT,3BH,65426
2023,R2,M092,,MBBS-GOVT.,GOVT,3AG,68795
2023,R2,M064,,MBBS-GOVT.,GOVT,3AG,68808
2023,R2,M083,,MBBS-GOVT.,GOVT,3AG,65628
2023,R2,M092,,MBBS-GOVT.,GOVT,3BG,67859
2023,R2,M008,,MBBS-GOVT.,GOVT,2BG,65739
2023,R2,M044,,MBBS-GOVT.,GOVT,GMKH,73706
2023,R2,M073,,MBBS-GOVT.,GOVT,3AH,66224
2023,R2,M069,,MBBS-GOVT.,GOVT,GM,75229
2023,R2,M073,,MBBS-GOVT.,GOVT,GMRH,71398
2023,R2,M064,,MBBS-GOVT.,GOVT,3BG,69447
2023,R2,M092,,MBBS-GOVT.,GOVT,GMH,71231
2023,R2,M070,,MBBS-GOVT.,GOVT,1H,66106
2023,R2,M086,,MBBS-GOVT.,GOVT,3BR,66240
2023,R2,M087,,MBBS-GOVT.,GOVT,2BG,66342
2023,R2,M062,,MBBS-GOVT.,GOVT,GMH,68503
2023,R2,M062,,MBBS-GOVT.,GOVT,2BG,70723
2023,R2,M084,,MBBS-GOVT.,GOVT,2AR,73548
2023,R2,M083,,MBBS-GOVT.,GOVT,2BG,66857
2023,R2,M073,,MBBS-GOVT.,GOVT,1H,66933
2023,R2,M064,,MBBS-GOVT.,GOVT,1G,80846
2023,R2,M021,,MBBS-GOVT.,GOVT,SCR,82600
2023,R2,M086,,MBBS-GOVT.,GOVT,XD,67065
2023,R2,M087,,MBBS-GOVT.,GOVT,3BR,67090
2023,R2,M075,,MBBS-GOVT.,GOVT,1H,67113
2023,R2,M086,,MBBS-GOVT.,GOVT,GMH,67662
2023,R2,M052,,MBBS-GOVT.,GOVT,3AG,67217
2023,R2,M063,,MBBS-GOVT.,GOVT,SCG,106842
2023,R2,M073,,MBBS-GOVT.,GOVT,GMKH,68680
2023,R2,M035,,MBBS-GOVT.,GOVT,GMR,79136
2023,R2,M092,,MBBS-GOVT.,GOVT,1G,73605
2023,R2,M072,,MBBS-GOVT.,GOVT,2ARH,77134
2023,R2,M085,,MBBS-GOVT.,GOVT,1R,67864
2023,R2,M062,,MBBS-GOVT.,GOVT,1G,71066
2023,R2,M083,,MBBS-GOVT.,GOVT,D,67978
2023,R2,M086,,MBBS-GOVT.,GOVT,1G,72596
2023,R2,M035,,MBBS-GOVT.,GOVT,3BG,71322
2023,R2,M010,,MBBS-GOVT.,GOVT,GMH,68373
2023,R2,M003,,MBBS-GOVT.,GOVT,GMK,68379
2023,R2,M042,,MBBS-GOVT.,GOVT,GMH,76169
2023,R2,M035,,MBBS-GOVT.,GOVT,3AG,69440
2023,R2,M008,,MBBS-GOVT.,GOVT,1G,68656
2023,R2,M084,,MBBS-GOVT.,GOVT,2AH,68662
2023,R2,M075,,MBBS-GOVT.,GOVT,GMK,68807
2023,R2,M083,,MBBS-GOVT.,GOVT,GMH,73298
2023,R2,M008,,MBBS-GOVT.,GOVT,3AG,68875
2023,R2,M036,,MBBS-GOVT.,GOVT,2AR,68941
2023,R2,M025,,MBBS-GOVT.,GOVT,SCG,109345
2023,R2,M093,,MBBS-PRIV.,PRIV,GMP,79049
2023,R2,M052,,MBBS-GOVT.,GOVT,1G,79550
2023,R2,M083,,MBBS-GOVT.,GOVT,3BG,70182
2023,R2,M052,,MBBS-GOVT.,GOVT,3BG,70276
2023,R2,M070,,MBBS-GOVT.,GOVT,GMRH,75235
2023,R2,M076,,MBBS-GOVT.,GOVT,3AH,69329
2023,R2,M091,,MBBS-GOVT.,GOVT,GM,76402
2023,R2,M086,,MBBS-GOVT.,GOVT,3BH,69486
2023,R2,M035,,MBBS-GOVT.,GOVT,2BG,75743
2023,R2,M004,,MBBS-PRIV.,PRIV,GMP,155678
2023,R2,M087,,MBBS-GOVT.,GOVT,1G,69748
2023,R2,M073,,MBBS-GOVT.,GOVT,2BR,69759
2023,R2,M090,,MBBS-GOVT.,GOVT,3AG,69772
2023,R2,M003,,MBBS-GOVT.,GOVT,SCG,113879
2023,R2,M073,,MBBS-GOVT.,GOVT,3AK,69820
2023,R2,M075,,MBBS-GOVT.,GOVT,3BK,69961
2023,R2,M009,,MBBS-GOVT.,GOVT,2AR,69985
2023,R2,M036,,MBBS-GOVT.,GOVT,2BR,70022
2023,R2,M073,,MBBS-GOVT.,GOVT,2AH,75031
2023,R2,M011,,MBBS-PRIV.,PRIV,RC5,254430
2023,R2,M076,,MBBS-GOVT.,GOVT,2AK,70156
2023,R2,M070,,MBBS-GOVT.,GOVT,2BR,70210
2023,R2,M090,,MBBS-GOVT.,GOVT,1G,70249
2023,R2,M064,,MBBS-GOVT.,GOVT,GMR,78909
2023,R2,M092,,MBBS-GOVT.,GOVT,2AG,77003
2023,R2,M064,,MBBS-GOVT.,GOVT,2BG,71112
2023,R2,M092,,MBBS-GOVT.,GOVT,2BG,71793
2023,R2,M075,,MBBS-GOVT.,GOVT,2AK,70380
2023,R2,M085,,MBBS-GOVT.,GOVT,2AR,74684
2023,R2,M071,,MBBS-GOVT.,GOVT,2BG,70530
2023,R2,M002,,MBBS-GOVT.,GOVT,3AR,70567
2023,R2,M090,,MBBS-GOVT.,GOVT,3BG,73749
2023,R2,M053,,MBBS-GOVT.,GOVT,2AG,75180
2023,R2,M092,,MBBS-GOVT.,GOVT,3BR,70736
2023,R2,M062,,MBBS-GOVT.,GOVT,3AR,70742
2023,R2,M010,,MBBS-GOVT.,GOVT,D,70767
2023,R2,M075,,MBBS-GOVT.,GOVT,2AH,70824
2023,R2,M076,,MBBS-GOVT.,GOVT,1R,70827
2023,R2,M023,,MBBS-PRIV.,PRIV,OPN,234392
2023,R2,M071,,MBBS-GOVT.,GOVT,3AG,70890
2023,R2,M077,,MBBS-GOVT.,GOVT,2AH,70891
2023,R2,M092,,MBBS-GOVT.,GOVT,3AR,70921
2023,R2,M008,,MBBS-GOVT.,GOVT,3BG,71052
2023,R2,M023,,MBBS-GOVT.,GOVT,1G,71202
2023,R2,M064,,MBBS-GOVT.,GOVT,2AG,84757
2023,R2,M084,,MBBS-GOVT.,GOVT,GMK,72080
2023,R2,M062,,MBBS-GOVT.,GOVT,2AG,78437
2023,R2,M070,,MBBS-GOVT.,GOVT,1R,71964
2023,R2,M090,,MBBS-GOVT.,GOVT,GMR,80416
2023,R2,M061,,MBBS-GOVT.,GOVT,2AR,73907
2023,R2,M076,,MBBS-GOVT.,GOVT,2AH,77862
2023,R2,M043,,MBBS-GOVT.,GOVT,GMH,80401
2023,R2,M092,,MBBS-GOVT.,GOVT,2BH,72834
2023,R2,M008,,MBBS-GOVT.,GOVT,GMR,78882
2023,R2,M067,,MBBS-GOVT.,GOVT,3BG,72981
2023,R2,M093,,MBBS-GOVT.,GOVT,GMR,73006
2023,R2,M077,,MBBS-GOVT.,GOVT,2AK,73011
2023,R2,M089,,MBBS-GOVT.,GOVT,GM,80673
2023,R2,M071,,MBBS-GOVT.,GOVT,3BG,75341
2023,R2,M064,,MBBS-GOVT.,GOVT,GMH,77425
2023,R2,M042,,MBBS-GOVT.,GOVT,3BG,73393
2023,R2,M035,,MBBS-GOVT.,GOVT,GMH,75035
2023,R2,M071,,MBBS-GOVT.,GOVT,1G,83943
2023,R2,M073,,MBBS-GOVT.,GOVT,3BRH,73493
2023,R2,M051,,MBBS-GOVT.,GOVT,GMRH,73501
2023,R2,M043,,MBBS-GOVT.,GOVT,3BG,73533
2023,R2,M045,,MBBS-GOVT.,GOVT,2ARH,80857
2023,R2,M002,,MBBS-GOVT.,GOVT,3BR,73614
2023,R2,M061,,MBBS-GOVT.,GOVT,2BR,73658
2023,R2,M035,,MBBS-GOVT.,GOVT,1G,82953
2023,R2,M087,,MBBS-GOVT.,GOVT,2BH,74330
2023,R2,M064,,MBBS-GOVT.,GOVT,D,74069
2023,R2,M061,,MBBS-GOVT.,GOVT,1R,74145
2023,R2,M025,,MBBS-GOVT.,GOVT,STG,106425
2023,R2,M067,,MBBS-GOVT.,GOVT,GMR,78644
2023,R2,M068,,MBBS-PRIV.,PRIV,GMP,88469
2023,R2,M009,,MBBS-GOVT.,GOVT,2AH,74406
2023,R2,M077,,MBBS-GOVT.,GOVT,2BK,74425
2023,R2,M032,,MBBS-GOVT.,GOVT,2AG,74462
2023,R2,M011,,MBBS-PRIV.,PRIV,RC6,498284
2023,R2,M054,,MBBS-GOVT.,GOVT,3AG,75322
2023,R2,M072,,MBBS-GOVT.,GOVT,1K,74486
2023,R2,M010,,MBBS-GOVT.,GOVT,3AR,74562
2023,R2,M087,,MBBS-GOVT.,GOVT,3BH,76661
2023,R2,M066,,MBBS-GOVT.,GOVT,2AK,74601
2023,R2,M061,,MBBS-GOVT.,GOVT,GMK,81367
2023,R2,M020,,MBBS-GOVT.,GOVT,3BG,75538
2023,R2,M086,,MBBS-GOVT.,GOVT,2AR,75996
2023,R2,M087,,MBBS-GOVT.,GOVT,2AR,74731
2023,R2,M001,,MBBS-GOVT.,GOVT,JK,74772
2023,R2,M061,,MBBS-PRIV.,PRIV,GMP,92284
2023,R2,M081,,MBBS-GOVT.,GOVT,3AG,74956
2023,R2,M005,,MBBS-GOVT.,GOVT,GM,76649
2023,R2,M090,,MBBS-GOVT.,GOVT,2BG,75001
2023,R2,M092,,MBBS-GOVT.,GOVT,GMK,78683
2023,R2,M092,,MBBS-GOVT.,GOVT,1H,75173
2023,R2,M023,,MBBS-GOVT.,GOVT,2BG,78666
2023,R2,M087,,MBBS-GOVT.,GOVT,GMRH,82175
2023,R2,M069,,MBBS-GOVT.,GOVT,2BG,80352
2023,R2,M087,,MBBS-GOVT.,GOVT,3AH,80146
2023,R2,M078,,MBBS-GOVT.,GOVT,3AG,75317
2023,R2,M092,,MBBS-GOVT.,GOVT,1R,75320
2023,R2,M035,,MBBS-GOVT.,GOVT,3BH,75380
2023,R2,M087,,MBBS-GOVT.,GOVT,GMK,75462
2023,R2,M020,,MBBS-GOVT.,GOVT,3AG,76071
2023,R2,M083,,MBBS-GOVT.,GOVT,1G,75474
2023,R2,M075,,MBBS-GOVT.,GOVT,GMRH,75513
2023,R2,M081,,MBBS-GOVT.,GOVT,2AG,90801
2023,R2,M023,,MBBS-GOVT.,GOVT,2AG,81623
2023,R2,M077,,MBBS-GOVT.,GOVT,1H,75570
2023,R2,M054,,MBBS-GOVT.,GOVT,3BG,77899
2023,R2,M090,,MBBS-GOVT.,GOVT,GMH,75738
2023,R2,M090,,MBBS-GOVT.,GOVT,2AG,80585
2023,R2,M093,,MBBS-GOVT.,GOVT,3BG,75998
2023,R2,M041,,MBBS-GOVT.,GOVT,SCG,90109
2023,R2,M054,,MBBS-GOVT.,GOVT,GMR,88482
2023,R2,M004,,MBBS-GOVT.,GOVT,GMK,76138
2023,R2,M081,,MBBS-GOVT.,GOVT,2BG,78738
2023,R2,M053,,MBBS-GOVT.,GOVT,3AR,76208
2023,R2,M066,,MBBS-GOVT.,GOVT,JK,76226
2023,R2,M068,,MBBS-GOVT.,GOVT,2AR,76250
2023,R2,M072,,MBBS-GOVT.,GOVT,JK,76285
2023,R2,M081,,MBBS-GOVT.,GOVT,3BG,76588
2023,R2,M043,,MBBS-GOVT.,GOVT,2BG,76369
2023,R2,M002,,MBBS-PRIV.,PRIV,GMP,95806
2023,R2,M050,,MBBS-GOVT.,GOVT,1R,76430
2023,R2,M035,,MBBS-GOVT.,GOVT,2AG,84226
2023,R2,M020,,MBBS-GOVT.,GOVT,1G,86919
2023,R2,M042,,MBBS-GOVT.,GOVT,2BH,76608
2023,R2,M042,,MBBS-GOVT.,GOVT,3BH,77064
2023,R2,M031,,MBBS-GOVT.,GOVT,JK,76851
2023,R2,M077,,MBBS-GOVT.,GOVT,GMRH,76912
2023,R2,M061,,MBBS-GOVT.,GOVT,GMRH,76942
2023,R2,M037,,MBBS-GOVT.,GOVT,SCG,102031
2023,R2,M091,,MBBS-GOVT.,GOVT,3AG,77367
2023,R2,M067,,MBBS-GOVT.,GOVT,GMH,76987
2023,R2,M008,,MBBS-GOVT.,GOVT,GMH,79070
2023,R2,M092,,MBBS-GOVT.,GOVT,2AR,84217
2023,R2,M070,,MBBS-GOVT.,GOVT,GMKH,77107
2023,R2,M081,,MBBS-GOVT.,GOVT,GMH,77120
2023,R2,M065,,MBBS-GOVT.,GOVT,3AG,77891
2023,R2,M069,,MBBS-GOVT.,GOVT,3AG,77795
2023,R2,M087,,MBBS-GOVT.,GOVT,2AH,84247
2023,R2,M085,,MBBS-GOVT.,GOVT,GMKH,77374
2023,R2,M078,,MBBS-GOVT.,GOVT,GMH,77989
2023,R2,M085,,MBBS-GOVT.,GOVT,GMRH,77451
2023,R2,M078,,MBBS-GOVT.,GOVT,3BG,77474
2023,R2,M009,,MBBS-GOVT.,GOVT,GMK,83507
2023,R2,M093,,MBBS-GOVT.,GOVT,2BG,77580
2023,R2,M083,,MBBS-GOVT.,GOVT,2AG,87282
2023,R2,M087,,MBBS-GOVT.,GOVT,GMKH,79991
2023,R2,M023,,MBBS-GOVT.,GOVT,GMH,77926
2023,R2,M093,,MBBS-GOVT.,GOVT,3AG,77831
2023,R2,M042,,MBBS-GOVT.,GOVT,3AH,82467
2023,R2,M052,,MBBS-GOVT.,GOVT,2AG,83204
2023,R2,M023,,MBBS-GOVT.,GOVT,3BR,77852
2023,R2,M069,,MBBS-GOVT.,GOVT,3BG,77854
2023,R2,M020,,MBBS-GOVT.,GOVT,GMH,79972
2023,R2,M081,,MBBS-GOVT.,GOVT,D,77927
2023,R2,M067,,MBBS-GOVT.,GOVT,2AG,87428
2023,R2,M050,,MBBS-GOVT.,GOVT,2AR,77948
2023,R2,M091,,MBBS-GOVT.,GOVT,3BG,79176
2023,R2,M073,,MBBS-GOVT.,GOVT,3ARH,78152
2023,R2,M053,,MBBS-GOVT.,GOVT,2BR,78236
2023,R2,M066,,MBBS-GOVT.,GOVT,STG,105839
2023,R2,M079,,MBBS-GOVT.,GOVT,3BG,79055
2023,R2,M091,,MBBS-GOVT.,GOVT,2BG,78803
2023,R2,M054,,MBBS-GOVT.,GOVT,2AG,87489
2023,R2,M092,,MBBS-GOVT.,GOVT,GMRH,78595
2023,R2,M079,,MBBS-GOVT.,GOVT,3AG,78684
2023,R2,M005,,MBBS-GOVT.,GOVT,GMH,80742
2023,R2,M005,,MBBS-GOVT.,GOVT,3BG,78700
2023,R2,M020,,MBBS-GOVT.,GOVT,GMR,83148
2023,R2,M090,,MBBS-GOVT.,GOVT,3BH,78781
2023,R2,M079,,MBBS-GOVT.,GOVT,2BG,78794
2023,R2,M078,,MBBS-GOVT.,GOVT,2BG,78907
2023,R2,M064,,MBBS-GOVT.,GOVT,3BR,79200
2023,R2,M036,,MBBS-GOVT.,GOVT,GMRH,79207
2023,R2,M078,,MBBS-GOVT.,GOVT,GMR,86261
2023,R2,M033,,MBBS-GOVT.,GOVT,3BG,79381
2023,R2,M020,,MBBS-GOVT.,GOVT,2BG,80700
2023,R2,M087,,MBBS-GOVT.,GOVT,1H,81617
2023,R2,M051,,MBBS-GOVT.,GOVT,GMK,79454
2023,R2,M086,,MBBS-GOVT.,GOVT,3AH,79469
2023,R2,M008,,MBBS-GOVT.,GOVT,2AG,83545
2023,R2,M065,,MBBS-GOVT.,GOVT,GMH,79504
2023,R2,M085,,MBBS-GOVT.,GOVT,2AH,79509
2023,R2,M053,,MBBS-GOVT.,GOVT,3BR,79552
2023,R2,M071,,MBBS-GOVT.,GOVT,3BH,79591
2023,R2,M005,,MBBS-GOVT.,GOVT,3AG,79619
2023,R2,M035,,MBBS-GOVT.,GOVT,3BR,79650
2023,R2,M069,,MBBS-GOVT.,GOVT,GMH,79731
2023,R2,M042,,MBBS-GOVT.,GOVT,GMR,79766
2023,R2,M032,,MBBS-GOVT.,GOVT,GMR,79855
2023,R2,M082,,MBBS-GOVT.,GOVT,SCH,79974
2023,R2,M083,,MBBS-GOVT.,GOVT,3BH,80023
2023,R2,M002,,MBBS-GOVT.,GOVT,2AR,80160
2023,R2,M069,,MBBS-GOVT.,GOVT,GMR,87773
2023,R2,M085,,MBBS-GOVT.,GOVT,2BR,80275
2023,R2,M042,,MBBS-GOVT.,GOVT,2AG,80302
2023,R2,M086,,MBBS-GOVT.,GOVT,GMRH,80412
2023,R2,M068,,MBBS-GOVT.,GOVT,2AH,80483
2023,R2,M054,,MBBS-GOVT.,GOVT,2BG,80484
2023,R2,M064,,MBBS-GOVT.,GOVT,3AR,80497
2023,R2,M043,,MBBS-GOVT.,GOVT,3BH,80580
2023,R2,M035,,MBBS-GOVT.,GOVT,GMK,86228
2023,R2,M090,,MBBS-GOVT.,GOVT,3AH,80667
2023,R2,M033,,MBBS-GOVT.,GOVT,2BG,80989
2023,R2,M054,,MBBS-GOVT.,GOVT,GMH,80993
2023,R2,M042,,MBBS-GOVT.,GOVT,1G,81024
2023,R2,M067,,MBBS-GOVT.,GOVT,3BR,81079
2023,R2,M085,,MBBS-GOVT.,GOVT,3AH,81138
2023,R2,M062,,MBBS-GOVT.,GOVT,2AR,81248
2023,R2,M033,,MBBS-GOVT.,GOVT,3AG,81438
2023,R2,M083,,MBBS-GOVT.,GOVT,GMR,85592
2023,R2,M031,,MBBS-GOVT.,GOVT,STH,81273
2023,R2,M042,,MBBS-GOVT.,GOVT,2AH,87503
2023,R2,M011,,MBBS-PRIV.,PRIV,GMPH,81419
2023,R2,M020,,MBBS-GOVT.,GOVT,3BH,81327
2023,R2,M091,,MBBS-GOVT.,GOVT,GMH,81384
2023,R2,M010,,MBBS-GOVT.,GOVT,2AR,81462
2023,R2,M089,,MBBS-GOVT.,GOVT,3AG,81896
2023,R2,M042,,MBBS-GOVT.,GOVT,3AR,81546
2023,R2,M067,,MBBS-GOVT.,GOVT,D,81561
2023,R2,M079,,MBBS-GOVT.,GOVT,GMH,81664
2023,R2,M065,,MBBS-GOVT.,GOVT,2BG,82114
2023,R2,M089,,MBBS-GOVT.,GOVT,GMH,81719
2023,R2,M092,,MBBS-GOVT.,GOVT,2BR,81744
2023,R2,M043,,MBBS-GOVT.,GOVT,3AH,81885
2023,R2,M031,,MBBS-GOVT.,GOVT,SCH,83762
2023,R2,M043,,MBBS-GOVT.,GOVT,2BH,82601
2023,R2,M053,,MBBS-GOVT.,GOVT,2AR,81976
2023,R2,M070,,MBBS-GOVT.,GOVT,2ARH,82083
2023,R2,M043,,MBBS-GOVT.,GOVT,2AG,82092
2023,R2,M071,,MBBS-GOVT.,GOVT,GMR,85093
2023,R2,M073,,MBBS-GOVT.,GOVT,2ARH,86390
2023,R2,M005,,MBBS-GOVT.,GOVT,2BH,82315
2023,R2,M085,,MBBS-GOVT.,GOVT,2AK,82417
2023,R2,M052,,MBBS-GOVT.,GOVT,GMH,82447
2023,R2,M043,,MBBS-GOVT.,GOVT,GMR,82487
2023,R2,M069,,MBBS-GOVT.,GOVT,1G,90566
2023,R2,M052,,MBBS-GOVT.,GOVT,3AH,82805
2023,R2,M065,,MBBS-GOVT.,GOVT,GMR,83670
2023,R2,M062,,MBBS-GOVT.,GOVT,2BR,82890
2023,R2,M069,,MBBS-GOVT.,GOVT,2BH,82920
2023,R2,M031,,MBBS-GOVT.,GOVT,STR,83025
2023,R2,M075,,MBBS-GOVT.,GOVT,2BR,82949
2023,R2,M071,,MBBS-GOVT.,GOVT,2AG,87458
2023,R2,M032,,MBBS-GOVT.,GOVT,2AH,82999
2023,R2,M031,,MBBS-GOVT.,GOVT,SCR,88477
2023,R2,M089,,MBBS-GOVT.,GOVT,2BG,83071
2023,R2,M079,,MBBS-GOVT.,GOVT,XD,83122
2023,R2,M044,,MBBS-GOVT.,GOVT,3ARH,83218
2023,R2,M067,,MBBS-GOVT.,GOVT,3AH,83304
2023,R2,M087,,MBBS-GOVT.,GOVT,3BKH,83324
2023,R2,M044,,MBBS-GOVT.,GOVT,2ARH,85862
2023,R2,M093,,MBBS-GOVT.,GOVT,2AG,83432
2023,R2,M054,,MBBS-GOVT.,GOVT,3AH,83504
2023,R2,M004,,MBBS-GOVT.,GOVT,2AK,83595
2023,R2,M070,,MBBS-GOVT.,GOVT,3ARH,83657
2023,R2,M086,,MBBS-GOVT.,GOVT,2AK,83882
2023,R2,M037,,MBBS-GOVT.,GOVT,STG,98220
2023,R2,M093,,MBBS-PRIV.,PRIV,GMPH,83927
2023,R2,M052,,MBBS-GOVT.,GOVT,GMK,83979
2023,R2,M081,,MBBS-GOVT.,GOVT,GMR,87697
2023,R2,M020,,MBBS-GOVT.,GOVT,3BR,84179
2023,R2,M054,,MBBS-GOVT.,GOVT,1G,84191
2023,R2,M070,,MBBS-GOVT.,GOVT,NCC,84271
2023,R2,M002,,MBBS-GOVT.,GOVT,XD,84476
2023,R2,M086,,MBBS-GOVT.,GOVT,2AH,84614
2023,R2,M079,,MBBS-GOVT.,GOVT,2BH,84618
2023,R2,M092,,MBBS-GOVT.,GOVT,2AH,84633
2023,R2,M042,,MBBS-GOVT.,GOVT,1H,87427
2023,R2,M091,,MBBS-GOVT.,GOVT,2AG,91865
2023,R2,M050,,MBBS-GOVT.,GOVT,GMK,84686
2023,R2,M078,,MBBS-GOVT.,GOVT,1G,84720
2023,R2,M061,,MBBS-GOVT.,GOVT,2AH,84813
2023,R2,M050,,MBBS-GOVT.,GOVT,2BR,84827
2023,R2,M023,,MBBS-GOVT.,GOVT,2BH,84830
2023,R2,M043,,MBBS-GOVT.,GOVT,GMRH,85058
2023,R2,M089,,MBBS-GOVT.,GOVT,3BG,85406
2023,R2,M085,,MBBS-GOVT.,GOVT,3AK,84882
2023,R2,M093,,MBBS-GOVT.,GOVT,2AR,84922
2023,R2,M005,,MBBS-GOVT.,GOVT,3AH,85041
2023,R2,M043,,MBBS-GOVT.,GOVT,2AH,91211
2023,R2,M003,,MBBS-PRIV.,PRIV,GMPH,93441
2023,R2,M064,,MBBS-GOVT.,GOVT,2AR,86578
2023,R2,M079,,MBBS-GOVT.,GOVT,GMR,87938
2023,R2,M085,,MBBS-GOVT.,GOVT,2ARH,85261
2023,R2,M087,,MBBS-GOVT.,GOVT,3BRH,85510
2023,R2,M050,,MBBS-PRIV.,PRIV,MC,309670
2023,R2,M042,,MBBS-GOVT.,GOVT,GMRH,87518
2023,R2,M023,,MBBS-GOVT.,GOVT,2AR,86454
2023,R2,M033,,MBBS-GOVT.,GOVT,GMR,88901
2023,R2,M031,,MBBS-GOVT.,GOVT,SCK,85889
2023,R2,M064,,MBBS-GOVT.,GOVT,2AH,85897
2023,R2,M081,,MBBS-GOVT.,GOVT,1G,87822
2023,R2,M082,,MBBS-GOVT.,GOVT,SCR,107226
2023,R2,M035,,MBBS-GOVT.,GOVT,2AH,85945
2023,R2,M023,,MBBS-GOVT.,GOVT,GMRH,85985
2023,R2,M035,,MBBS-PRIV.,PRIV,GMP,115270
2023,R2,M064,,MBBS-GOVT.,GOVT,1H,86013
2023,R2,M065,,MBBS-GOVT.,GOVT,2AG,91260
2023,R2,M010,,MBBS-GOVT.,GOVT,2BR,86219
2023,R2,M020,,MBBS-GOVT.,GOVT,GMRH,86237
2023,R2,M061,,MBBS-GOVT.,GOVT,GMKH,86256
2023,R2,M062,,MBBS-GOVT.,GOVT,GMK,86262
2023,R2,M078,,MBBS-GOVT.,GOVT,2AG,91480
2023,R2,M067,,MBBS-GOVT.,GOVT,1G,86302
2023,R2,M020,,MBBS-GOVT.,GOVT,2AG,87755
2023,R2,M035,,MBBS-GOVT.,GOVT,2AR,87263
2023,R2,M002,,MBBS-GOVT.,GOVT,GMK,86679
2023,R2,M091,,MBBS-GOVT.,GOVT,GMR,88817
2023,R2,M089,,MBBS-GOVT.,GOVT,GMR,90765
2023,R2,M062,,MBBS-GOVT.,GOVT,1H,87208
2023,R2,M069,,MBBS-GOVT.,GOVT,2AG,89637
2023,R2,M044,,MBBS-GOVT.,GOVT,2BRH,87319
2023,R2,M005,,MBBS-PRIV.,PRIV,OPN,159477
2023,R2,M004,,MBBS-GOVT.,GOVT,STG,106999
2023,R2,M079,,MBBS-GOVT.,GOVT,2AG,92175
2023,R2,M062,,MBBS-PRIV.,PRIV,GMP,101420
2023,R2,M062,,MBBS-GOVT.,GOVT,2AH,87494
2023,R2,M083,,MBBS-GOVT.,GOVT,3AR,87509
2023,R2,M035,,MBBS-GOVT.,GOVT,GMRH,87575
2023,R2,M042,,MBBS-PRIV.,PRIV,GMP,99011
2023,R2,M090,,MBBS-GOVT.,GOVT,2AR,87629
2023,R2,M043,,MBBS-PRIV.,PRIV,GMP,126997
2023,R2,M067,,MBBS-GOVT.,GOVT,2AR,87635
2023,R2,M067,,MBBS-GOVT.,GOVT,3AR,87638
2023,R2,M083,,MBBS-GOVT.,GOVT,2AR,87659
2023,R2,M023,,MBBS-GOVT.,GOVT,GMK,94944
2023,R2,M033,,MBBS-GOVT.,GOVT,2AG,92082
2023,R2,M053,,MBBS-GOVT.,GOVT,2AH,87813
2023,R2,M020,,MBBS-GOVT.,GOVT,2AR,87816
2023,R2,M033,,MBBS-GOVT.,GOVT,1G,87946
2023,R2,M036,,MBBS-GOVT.,GOVT,1R,88029
2023,R2,M065,,MBBS-GOVT.,GOVT,1G,88058
2023,R2,M009,,MBBS-PRIV.,PRIV,ME,171763
2023,R2,M077,,MBBS-GOVT.,GOVT,3AK,88175
2023,R2,M087,,MBBS-GOVT.,GOVT,2ARH,88776
2023,R2,M002,,MBBS-GOVT.,GOVT,2BR,88392
2023,R2,M078,,MBBS-GOVT.,GOVT,3BR,88501
2023,R2,M067,,MBBS-GOVT.,GOVT,2BR,88611
2023,R2,M083,,MBBS-GOVT.,GOVT,2BR,88742
2023,R2,M064,,MBBS-GOVT.,GOVT,GMK,90058
2023,R2,M091,,MBBS-GOVT.,GOVT,1G,90967
2023,R2,M093,,MBBS-GOVT.,GOVT,1G,88887
2023,R2,M022,,MBBS-GOVT.,GOVT,GMK,88927
2023,R2,M005,,MBBS-GOVT.,GOVT,2AG,89048
2023,R2,M005,,MBBS-GOVT.,GOVT,GMR,89083
2023,R2,M068,,MBBS-GOVT.,GOVT,GMK,89160
2023,R2,M043,,MBBS-GOVT.,GOVT,2AR,89238
2023,R2,M036,,MBBS-GOVT.,GOVT,SCG,148039
2023,R2,M062,,MBBS-GOVT.,GOVT,3BK,89333
2023,R2,M061,,MBBS-GOVT.,GOVT,2AK,89651
2023,R2,M082,,MBBS-GOVT.,GOVT,SCK,89798
2023,R2,M071,,MBBS-GOVT.,GOVT,GMRH,90296
2023,R2,M069,,MBBS-GOVT.,GOVT,3BR,90377
2023,R2,M052,,MBBS-GOVT.,GOVT,2AR,90427
2023,R2,M023,,MBBS-GOVT.,GOVT,2AH,90454
2023,R2,M035,,MBBS-GOVT.,GOVT,SCG,193387
2023,R2,M053,,MBBS-GOVT.,GOVT,2AK,90546
2023,R2,M002,,MBBS-GOVT.,GOVT,1R,90622
2023,R2,M079,,MBBS-GOVT.,GOVT,1G,90856
2023,R2,M067,,MBBS-GOVT.,GOVT,1R,91045
2023,R2,M069,,MBBS-GOVT.,GOVT,2AH,91243
2023,R2,M067,,MBBS-PRIV.,PRIV,GMP,113429
2023,R2,M054,,MBBS-GOVT.,GOVT,2AR,91402
2023,R2,M071,,MBBS-GOVT.,GOVT,2AR,91458
2023,R2,M010,,MBBS-GOVT.,GOVT,2AH,91522
2023,R2,M050,,MBBS-GOVT.,GOVT,2AK,91528
2023,R2,M035,,MBBS-GOVT.,GOVT,XD,91544
2023,R2,M053,,MBBS-GOVT.,GOVT,1R,91669
2023,R2,M092,,MBBS-GOVT.,GOVT,2AK,91706
2023,R2,M069,,MBBS-GOVT.,GOVT,2AR,92842
2023,R2,M065,,MBBS-GOVT.,GOVT,2AH,91819
2023,R2,M089,,MBBS-GOVT.,GOVT,2AG,95351
2023,R2,M042,,MBBS-PRIV.,PRIV,GMPH,135915
2023,R2,M073,,MBBS-GOVT.,GOVT,2AKH,91996
2023,R2,M090,,MBBS-GOVT.,GOVT,GMK,92063
2023,R2,M064,,MBBS-GOVT.,GOVT,3BRH,92098
2023,R2,M073,,MBBS-GOVT.,GOVT,2BKH,92202
2023,R2,M004,,MBBS-GOVT.,GOVT,2ARH,92267
2023,R2,M024,,MBBS-GOVT.,GOVT,JK,92301
2023,R2,M021,,MBBS-GOVT.,GOVT,SCK,92304
2023,R2,M090,,MBBS-PRIV.,PRIV,GMP,115386
2023,R2,M023,,MBBS-GOVT.,GOVT,1H,92519
2023,R2,M041,,MBBS-GOVT.,GOVT,SCH,122755
2023,R2,M081,,MBBS-GOVT.,GOVT,2AR,92949
2023,R2,M005,,MBBS-GOVT.,GOVT,2AH,96843
2023,R2,M089,,MBBS-GOVT.,GOVT,1G,93120
2023,R2,M062,,MBBS-GOVT.,GOVT,SPO,93173
2023,R2,M073,,MBBS-GOVT.,GOVT,2BRH,93268
2023,R2,M069,,MBBS-GOVT.,GOVT,GMRH,93351
2023,R2,M086,,MBBS-GOVT.,GOVT,2ARH,93354
2023,R2,M065,,MBBS-GOVT.,GOVT,2AR,93389
2023,R2,M043,,MBBS-GOVT.,GOVT,GMK,93421
2023,R2,M002,,MBBS-GOVT.,GOVT,3BK,93660
2023,R2,M079,,MBBS-GOVT.,GOVT,2AR,93858
2023,R2,M066,,MBBS-GOVT.,GOVT,2BRH,93880
2023,R2,M008,,MBBS-PRIV.,PRIV,GMP,101021
2023,R2,M091,,MBBS-GOVT.,GOVT,GMRH,94113
2023,R2,M083,,MBBS-GOVT.,GOVT,1R,94160
2023,R2,M005,,MBBS-GOVT.,GOVT,1H,94198
2023,R2,M033,,MBBS-GOVT.,GOVT,2AR,94621
2023,R2,M061,,MBBS-PRIV.,PRIV,GMPH,105309
2023,R2,M091,,MBBS-GOVT.,GOVT,2AH,94955
2023,R2,M062,,MBBS-GOVT.,GOVT,2AK,95325
2023,R2,M035,,MBBS-GOVT.,GOVT,2AK,95418
2023,R2,M069,,MBBS-GOVT.,GOVT,GMK,102334
2023,R2,M010,,MBBS-GOVT.,GOVT,2AK,95627
2023,R2,M091,,MBBS-GOVT.,GOVT,2AR,95838
2023,R2,M081,,MBBS-PRIV.,PRIV,GMP,123204
2023,R2,M043,,MBBS-GOVT.,GOVT,GMKH,96348
2023,R2,M009,,MBBS-PRIV.,PRIV,GMPH,122941
2023,R2,M068,,MBBS-PRIV.,PRIV,GMPH,129594
2023,R2,M081,,MBBS-GOVT.,GOVT,GMK,96915
2023,R2,M020,,MBBS-PRIV.,PRIV,GMP,126052
2023,R2,M044,,MBBS-GOVT.,GOVT,1RH,97061
2023,R2,M042,,MBBS-GOVT.,GOVT,2ARH,97102
2023,R2,M010,,MBBS-PRIV.,PRIV,MU,340246
2023,R2,M005,,MBBS-GOVT.,GOVT,GMKH,97142
2023,R2,M081,,MBBS-GOVT.,GOVT,1H,97154
2023,R2,M021,,MBBS-GOVT.,GOVT,STK,97258
2023,R2,M037,,MBBS-GOVT.,GOVT,JK,97397
2023,R2,M078,,MBBS-PRIV.,PRIV,GMP,113463
2023,R2,M079,,MBBS-GOVT.,GOVT,2AH,97773
2023,R2,M002,,MBBS-GOVT.,GOVT,2ARH,97869
2023,R2,M054,,MBBS-GOVT.,GOVT,GMK,98031
2023,R2,M043,,MBBS-GOVT.,GOVT,2ARH,98045
2023,R2,M035,,MBBS-GOVT.,GOVT,1R,98047
2023,R2,M002,,MBBS-PRIV.,PRIV,GMPH,102599
2023,R2,M023,,MBBS-GOVT.,GOVT,2AK,98066
2023,R2,M005,,MBBS-GOVT.,GOVT,GMRH,99190
2023,R2,M037,,MBBS-GOVT.,GOVT,STK,98752
2023,R2,M043,,MBBS-GOVT.,GOVT,1H,99003
2023,R2,M077,,MBBS-GOVT.,GOVT,2AKH,99112
2023,R2,M089,,MBBS-GOVT.,GOVT,2AH,99522
2023,R2,M065,,MBBS-PRIV.,PRIV,GMP,131273
2023,R2,M002,,MBBS-GOVT.,GOVT,2AK,99800
2023,R2,M064,,MBBS-GOVT.,GOVT,3BK,100106
2023,R2,M090,,MBBS-GOVT.,GOVT,1R,100469
2023,R2,M071,,MBBS-GOVT.,GOVT,GMK,100519
2023,R2,M033,,MBBS-GOVT.,GOVT,2ARH,100557
2023,R2,M071,,MBBS-PRIV.,PRIV,GMP,107864
2023,R2,M002,,MBBS-GOVT.,GOVT,3ARH,100669
2023,R2,M037,,MBBS-GOVT.,GOVT,STH,100749
2023,R2,M091,,MBBS-GOVT.,GOVT,1H,100870
2023,R2,M008,,MBBS-GOVT.,GOVT,GMK,100890
2023,R2,M078,,MBBS-GOVT.,GOVT,GMK,100952
2023,R2,M066,,MBBS-GOVT.,GOVT,SCR,100987
2023,R2,M005,,MBBS-GOVT.,GOVT,3BRH,101079
2023,R2,M085,,MBBS-GOVT.,GOVT,2BK,101098
2023,R2,M068,,MBBS-GOVT.,GOVT,SCG,161622
2023,R2,M033,,MBBS-GOVT.,GOVT,GMK,101592
2023,R2,M090,,MBBS-GOVT.,GOVT,2BK,101606
2023,R2,M073,,MBBS-GOVT.,GOVT,1RH,101629
2023,R2,M065,,MBBS-GOVT.,GOVT,GMK,101802
2023,R2,M020,,MBBS-GOVT.,GOVT,GMK,101808
2023,R2,M065,,MBBS-GOVT.,GOVT,2AK,101875
2023,R2,M069,,MBBS-PRIV.,PRIV,GMP,130459
2023,R2,M083,,MBBS-GOVT.,GOVT,GMK,102029
2023,R2,M033,,MBBS-GOVT.,GOVT,GMKH,102315
2023,R2,M073,,MBBS-GOVT.,GOVT,1KH,102352
2023,R2,M021,,MBBS-GOVT.,GOVT,STRH,102809
2023,R2,M093,,MBBS-GOVT.,GOVT,GMKH,102816
2023,R2,M075,,MBBS-GOVT.,GOVT,SCG,137874
2023,R2,M063,,MBBS-GOVT.,GOVT,STK,103372
2023,R2,M024,,MBBS-GOVT.,GOVT,SCR,106586
2023,R2,M037,,MBBS-GOVT.,GOVT,SCH,103546
2023,R2,M037,,MBBS-GOVT.,GOVT,SCR,123874
2023,R2,M065,,MBBS-GOVT.,GOVT,3BK,103693
2023,R2,M074,,MBBS-GOVT.,GOVT,SCG,138269
2023,R2,M051,,MBBS-GOVT.,GOVT,STG,141975
2023,R2,M054,,MBBS-PRIV.,PRIV,GMP,131415
2023,R2,M070,,MBBS-GOVT.,GOVT,1RH,104037
2023,R2,M091,,MBBS-GOVT.,GOVT,GMK,104058
2023,R2,M002,,MBBS-GOVT.,GOVT,2BK,104060
2023,R2,M082,,MBBS-GOVT.,GOVT,STR,104362
2023,R2,M075,,MBBS-GOVT.,GOVT,STG,121606
2023,R2,M089,,MBBS-GOVT.,GOVT,GMK,104709
2023,R2,M037,,MBBS-GOVT.,GOVT,STR,105305
2023,R2,M061,,MBBS-GOVT.,GOVT,STG,170607
2023,R2,M072,,MBBS-GOVT.,GOVT,STG,119527
2023,R2,M091,,MBBS-PRIV.,PRIV,GMP,133103
2023,R2,M064,,MBBS-GOVT.,GOVT,2AK,105945
2023,R2,M037,,MBBS-GOVT.,GOVT,SCK,106246
2023,R2,M084,,MBBS-GOVT.,GOVT,SCG,147860
2023,R2,M087,,MBBS-GOVT.,GOVT,2AKH,106618
2023,R2,M070,,MBBS-GOVT.,GOVT,2BRH,107110
2023,R2,M084,,MBBS-GOVT.,GOVT,STG,130389
2023,R2,M063,,MBBS-GOVT.,GOVT,STR,109224
2023,R2,M024,,MBBS-GOVT.,GOVT,SCH,107306
2023,R2,M041,,MBBS-GOVT.,GOVT,STH,115767
2023,R2,M002,,MBBS-GOVT.,GOVT,3AK,107731
2023,R2,M079,,MBBS-PRIV.,PRIV,GMP,129756
2023,R2,M043,,MBBS-GOVT.,GOVT,2AKH,108224
2023,R2,M024,,MBBS-GOVT.,GOVT,STH,110314
2023,R2,M050,,MBBS-PRIV.,PRIV,GMPH,141249
2023,R2,M023,,MBBS-GOVT.,GOVT,2BK,108687
2023,R2,M066,,MBBS-GOVT.,GOVT,STH,109136
2023,R2,M062,,MBBS-PRIV.,PRIV,GMPH,125109
2023,R2,M077,,MBBS-GOVT.,GOVT,SCG,137701
2023,R2,M036,,MBBS-PRIV.,PRIV,OPN,177703
2023,R2,M077,,MBBS-GOVT.,GOVT,1K,110189
2023,R2,M074,,MBBS-GOVT.,GOVT,STG,122541
2023,R2,M063,,MBBS-GOVT.,GOVT,SCK,110312
2023,R2,M073,,MBBS-GOVT.,GOVT,STG,110751
2023,R2,M024,,MBBS-GOVT.,GOVT,STR,111057
2023,R2,M072,,MBBS-GOVT.,GOVT,SCH,134327
2023,R2,M008,,MBBS-PRIV.,PRIV,MA,317911
2023,R2,M077,,MBBS-GOVT.,GOVT,STG,118838
2023,R2,M085,,MBBS-GOVT.,GOVT,STG,148822
2023,R2,M086,,MBBS-GOVT.,GOVT,SCG,166389
2023,R2,M045,,MBBS-GOVT.,GOVT,STG,119714
2023,R2,M033,,MBBS-PRIV.,PRIV,GMP,133639
2023,R2,M044,,MBBS-GOVT.,GOVT,STG,113578
2023,R2,M025,,MBBS-GOVT.,GOVT,JK,114957
2023,R2,M035,,MBBS-GOVT.,GOVT,STG,182146
2023,R2,M025,,MBBS-GOVT.,GOVT,SCR,118604
2023,R2,M061,,MBBS-GOVT.,GOVT,SCG,167079
2023,R2,M044,,MBBS-GOVT.,GOVT,STH,151482
2023,R2,M083,,MBBS-GOVT.,GOVT,2AKH,115784
2023,R2,M035,,MBBS-PRIV.,PRIV,GMPH,150643
2023,R2,M063,,MBBS-GOVT.,GOVT,NCC,116606
2023,R2,M045,,MBBS-GOVT.,GOVT,SCG,136824
2023,R2,M025,,MBBS-GOVT.,GOVT,SCK,116734
2023,R2,M063,,MBBS-GOVT.,GOVT,SCH,127334
2023,R2,M070,,MBBS-GOVT.,GOVT,SCG,132955
2023,R2,M070,,MBBS-GOVT.,GOVT,JK,117584
2023,R2,M079,,MBBS-PRIV.,PRIV,MM,282157
2023,R2,M001,,MBBS-GOVT.,GOVT,PH,509550
2023,R2,M003,,MBBS-GOVT.,GOVT,STG,131125
2023,R2,M041,,MBBS-GOVT.,GOVT,STRH,118763
2023,R2,M025,,MBBS-GOVT.,GOVT,STR,118833
2023,R2,M025,,MBBS-GOVT.,GOVT,SCH,119046
2023,R2,M085,,MBBS-GOVT.,GOVT,1K,119047
2023,R2,M024,,MBBS-GOVT.,GOVT,SCK,119880
2023,R2,M063,,MBBS-GOVT.,GOVT,SCR,121714
2023,R2,M076,,MBBS-GOVT.,GOVT,STG,131118
2023,R2,M073,,MBBS-GOVT.,GOVT,STH,156604
2023,R2,M022,,MBBS-GOVT.,GOVT,STG,122056
2023,R2,M073,,MBBS-GOVT.,GOVT,SCG,130982
2023,R2,M022,,MBBS-GOVT.,GOVT,SCG,122289
2023,R2,M082,,MBBS-GOVT.,GOVT,SCRH,123682
2023,R2,M041,,MBBS-GOVT.,GOVT,SCR,126362
2023,R2,M085,,MBBS-GOVT.,GOVT,SCG,159878
2023,R2,M063,,MBBS-GOVT.,GOVT,JK,124236
2023,R2,M044,,MBBS-GOVT.,GOVT,SCG,132320
2023,R2,M074,,MBBS-GOVT.,GOVT,STH,142651
2023,R2,M075,,MBBS-GOVT.,GOVT,STR,125797
2023,R2,M041,,MBBS-GOVT.,GOVT,SCKH,126031
2023,R2,M064,,MBBS-GOVT.,GOVT,SCG,185436
2023,R2,M072,,MBBS-GOVT.,GOVT,STH,133451
2023,R2,M002,,MBBS-GOVT.,GOVT,SCG,162819
2023,R2,M010,,MBBS-PRIV.,PRIV,GMPH,148872
2023,R2,M009,,MBBS-GOVT.,GOVT,SCG,158163
2023,R2,M045,,MBBS-GOVT.,GOVT,STH,136504
2023,R2,M002,,MBBS-GOVT.,GOVT,1K,130584
2023,R2,M031,,MBBS-GOVT.,GOVT,PH,1084316
2023,R2,M087,,MBBS-GOVT.,GOVT,STG,134143
2023,R2,M090,,MBBS-GOVT.,GOVT,1K,131316
2023,R2,M070,,MBBS-GOVT.,GOVT,STG,131499
2023,R2,M041,,MBBS-GOVT.,GOVT,SCRH,138472
2023,R2,M009,,MBBS-GOVT.,GOVT,STG,140353
2023,R2,M044,,MBBS-GOVT.,GOVT,SCH,167792
2023,R2,M036,,MBBS-GOVT.,GOVT,STG,161010
2023,R2,M076,,MBBS-GOVT.,GOVT,SCG,147889
2023,R2,M050,,MBBS-GOVT.,GOVT,SCG,164462
2023,R2,M051,,MBBS-GOVT.,GOVT,SCR,134853
2023,R2,M077,,MBBS-GOVT.,GOVT,STR,135449
2023,R2,M033,,MBBS-PRIV.,PRIV,MM,274998
2023,R2,M067,,MBBS-PRIV.,PRIV,GMPH,184935
2023,R2,M023,,MBBS-GOVT.,GOVT,1K,135755
2023,R2,M041,,MBBS-GOVT.,GOVT,JK,135894
2023,R2,M002,,MBBS-GOVT.,GOVT,STG,137003
2023,R2,M073,,MBBS-GOVT.,GOVT,STR,137030
2023,R2,M074,,MBBS-GOVT.,GOVT,STR,137075
2023,R2,M081,,MBBS-PRIV.,PRIV,GMPH,169140
2023,R2,M074,,MBBS-GOVT.,GOVT,JK,137420
2023,R2,M073,,MBBS-GOVT.,GOVT,SCH,172134
2023,R2,M008,,MBBS-PRIV.,PRIV,GMPH,153899
2023,R2,M045,,MBBS-GOVT.,GOVT,STRH,137757
2023,R2,M023,,MBBS-GOVT.,GOVT,3AK,138058
2023,R2,M033,,MBBS-PRIV.,PRIV,GMPH,159309
2023,R2,M043,,MBBS-PRIV.,PRIV,GMPH,147590
2023,R2,M086,,MBBS-GOVT.,GOVT,STG,162896
2023,R2,M083,,MBBS-PRIV.,PRIV,OPN,216723
2023,R2,M091,,MBBS-PRIV.,PRIV,GMPH,190343
2023,R2,M073,,MBBS-GOVT.,GOVT,3AKH,139735
2023,R2,M072,,MBBS-GOVT.,GOVT,SCRH,145215
2023,R2,M044,,MBBS-GOVT.,GOVT,JK,140007
2023,R2,M075,,MBBS-GOVT.,GOVT,SCR,151746
2023,R2,M070,,MBBS-GOVT.,GOVT,STH,140126
2023,R2,M070,,MBBS-GOVT.,GOVT,SCH,154144
2023,R2,M076,,MBBS-GOVT.,GOVT,STR,141322
2023,R2,M074,,MBBS-GOVT.,GOVT,SCR,150396
2023,R2,M044,,MBBS-GOVT.,GOVT,SCR,141788
2023,R2,M044,,MBBS-GOVT.,GOVT,STR,141982
2023,R2,M045,,MBBS-GOVT.,GOVT,SCH,156856
2023,R2,M020,,MBBS-PRIV.,PRIV,GMPH,169058
2023,R2,M090,,MBBS-GOVT.,GOVT,3AK,147674
2023,R2,M004,,MBBS-GOVT.,GOVT,SCR,164046
2023,R2,M074,,MBBS-GOVT.,GOVT,SCH,148166
2023,R2,M032,,MBBS-GOVT.,GOVT,STG,148815
2023,R2,M023,,MBBS-GOVT.,GOVT,SCG,185280
2023,R2,M090,,MBBS-PRIV.,PRIV,GMPH,159760
2023,R2,M042,,MBBS-GOVT.,GOVT,STG,172594
2023,R2,M078,,MBBS-PRIV.,PRIV,GMPH,179099
2023,R2,M075,,MBBS-GOVT.,GOVT,JK,150792
2023,R2,M087,,MBBS-GOVT.,GOVT,SCG,161466
2023,R2,M054,,MBBS-PRIV.,PRIV,GMPH,180592
2023,R2,M077,,MBBS-GOVT.,GOVT,SCR,159443
2023,R2,M092,,MBBS-GOVT.,GOVT,STG,173554
2023,R2,M073,,MBBS-GOVT.,GOVT,JK,151336
2023,R2,M050,,MBBS-GOVT.,GOVT,STG,155929
2023,R2,M042,,MBBS-GOVT.,GOVT,SCG,154484
2023,R2,M092,,MBBS-GOVT.,GOVT,SCG,173991
2023,R2,M076,,MBBS-GOVT.,GOVT,SPO,152296
2023,R2,M084,,MBBS-GOVT.,GOVT,STH,152527
2023,R2,M045,,MBBS-GOVT.,GOVT,STKH,153160
2023,R2,M025,,MBBS-GOVT.,GOVT,SCRH,153252
2023,R2,M045,,MBBS-GOVT.,GOVT,SCR,153353
2023,R2,M077,,MBBS-GOVT.,GOVT,SCH,153615
2023,R2,M078,,MBBS-GOVT.,GOVT,SCG,196608
2023,R2,M084,,MBBS-GOVT.,GOVT,SCR,154714
2023,R2,M071,,MBBS-PRIV.,PRIV,GMPH,184324
2023,R2,M070,,MBBS-GOVT.,GOVT,STRH,155451
2023,R2,M067,,MBBS-PRIV.,PRIV,ME,417394
2023,R2,M043,,MBBS-PRIV.,PRIV,MEH,789533
2023,R2,M064,,MBBS-PRIV.,PRIV,GMP,316681
2023,R2,M073,,MBBS-GOVT.,GOVT,SCR,156342
2023,R2,M045,,MBBS-GOVT.,GOVT,SCRH,158372
2023,R2,M076,,MBBS-GOVT.,GOVT,STH,157134
2023,R2,M069,,MBBS-PRIV.,PRIV,GMPH,180099
2023,R2,M085,,MBBS-GOVT.,GOVT,STR,157301
2023,R2,M032,,MBBS-GOVT.,GOVT,SCG,159920
2023,R2,M076,,MBBS-GOVT.,GOVT,SCR,164171
2023,R2,M008,,MBBS-GOVT.,GOVT,SCG,180271
2023,R2,M011,,MBBS-PRIV.,PRIV,RC4,337169
2023,R2,M087,,MBBS-GOVT.,GOVT,STH,167124
2023,R2,M004,,MBBS-GOVT.,GOVT,SCH,159374
2023,R2,M074,,MBBS-GOVT.,GOVT,SCK,159408
2023,R2,M073,,MBBS-GOVT.,GOVT,STRH,160038
2023,R2,M010,,MBBS-GOVT.,GOVT,SCG,176493
2023,R2,M070,,MBBS-GOVT.,GOVT,SCR,160484
2023,R2,M073,,MBBS-GOVT.,GOVT,SCK,160548
2023,R2,M003,,MBBS-GOVT.,GOVT,SCH,161337
2023,R2,M009,,MBBS-GOVT.,GOVT,STR,161721
2023,R2,M044,,MBBS-GOVT.,GOVT,STRH,161964
2023,R2,M051,,MBBS-GOVT.,GOVT,SCH,162005
2023,R2,M004,,MBBS-PRIV.,PRIV,GMPH,220340
2023,R2,M085,,MBBS-GOVT.,GOVT,SCR,166403
2023,R2,M090,,MBBS-GOVT.,GOVT,SCG,188388
2023,R2,M075,,MBBS-GOVT.,GOVT,SCH,164915
2023,R2,M064,,MBBS-GOVT.,GOVT,STG,208684
2023,R2,M075,,MBBS-GOVT.,GOVT,SCK,164214
2023,R2,M084,,MBBS-GOVT.,GOVT,SCK,164220
2023,R2,M053,,MBBS-GOVT.,GOVT,STG,164738
2023,R2,M077,,MBBS-GOVT.,GOVT,JK,164998
2023,R2,M077,,MBBS-GOVT.,GOVT,SCK,165456
2023,R2,M084,,MBBS-GOVT.,GOVT,STR,165473
2023,R2,M085,,MBBS-GOVT.,GOVT,SCH,182849
2023,R2,M081,,MBBS-GOVT.,GOVT,SCG,194888
2023,R2,M010,,MBBS-GOVT.,GOVT,STG,183464
2023,R2,M077,,MBBS-GOVT.,GOVT,SCRH,167362
2023,R2,M065,,MBBS-PRIV.,PRIV,GMPH,191701
2023,R2,M086,,MBBS-GOVT.,GOVT,SCR,173071
2023,R2,M068,,MBBS-GOVT.,GOVT,STG,181440
2023,R2,M002,,MBBS-GOVT.,GOVT,SCR,168037
2023,R2,M067,,MBBS-GOVT.,GOVT,SCG,180594
2023,R2,M008,,MBBS-GOVT.,GOVT,STG,193418
2023,R2,M075,,MBBS-GOVT.,GOVT,STH,168761
2023,R2,M045,,MBBS-GOVT.,GOVT,SCKH,169198
2023,R2,M053,,MBBS-GOVT.,GOVT,SCG,186670
2023,R2,M062,,MBBS-GOVT.,GOVT,SCG,189468
2023,R2,M085,,MBBS-GOVT.,GOVT,JK,169733
2023,R2,M086,,MBBS-GOVT.,GOVT,STR,169907
2023,R2,M070,,MBBS-GOVT.,GOVT,SCRH,170698
2023,R2,M061,,MBBS-GOVT.,GOVT,STR,171474
2023,R2,M071,,MBBS-PRIV.,PRIV,ME,292640
2023,R2,M073,,MBBS-GOVT.,GOVT,SCKH,172720
2023,R2,M044,,MBBS-GOVT.,GOVT,SCRH,178132
2023,R2,M093,,MBBS-GOVT.,GOVT,SCG,195515
2023,R2,M044,,MBBS-GOVT.,GOVT,SCKH,173252
2023,R2,M003,,MBBS-GOVT.,GOVT,STR,173540
2023,R2,M086,,MBBS-GOVT.,GOVT,SCH,181594
2023,R2,M087,,MBBS-GOVT.,GOVT,SCH,184490
2023,R2,M078,,MBBS-PRIV.,PRIV,ME,367018
2023,R2,M073,,MBBS-GOVT.,GOVT,SCRH,178821
2023,R2,M092,,MBBS-GOVT.,GOVT,STR,175171
2023,R2,M003,,MBBS-GOVT.,GOVT,SCR,175184
2023,R2,M044,,MBBS-GOVT.,GOVT,PH,175758
2023,R2,M036,,MBBS-GOVT.,GOVT,STR,175792
2023,R2,M042,,MBBS-GOVT.,GOVT,SCH,192605
2023,R2,M062,,MBBS-GOVT.,GOVT,STG,182323
2023,R2,M092,,MBBS-GOVT.,GOVT,JK,177797
2023,R2,M036,,MBBS-PRIV.,PRIV,GMP,227766
2023,R2,M092,,MBBS-GOVT.,GOVT,SCR,181289
2023,R2,M083,,MBBS-GOVT.,GOVT,SCG,191276
2023,R2,M002,,MBBS-GOVT.,GOVT,SCH,180263
2023,R2,M076,,MBBS-GOVT.,GOVT,JK,181184
2023,R2,M010,,MBBS-GOVT.,GOVT,SCR,181503
2023,R2,M086,,MBBS-GOVT.,GOVT,JK,181669
2023,R2,M076,,MBBS-GOVT.,GOVT,SCK,181699
2023,R2,M036,,MBBS-GOVT.,GOVT,SCR,181811
2023,R2,M050,,MBBS-GOVT.,GOVT,STR,181921
2023,R2,M043,,MBBS-GOVT.,GOVT,SCG,193216
2023,R2,M071,,MBBS-GOVT.,GOVT,STG,204663
2023,R2,M087,,MBBS-GOVT.,GOVT,STR,183245
2023,R2,M061,,MBBS-GOVT.,GOVT,SCR,195484
2023,R2,M043,,MBBS-GOVT.,GOVT,STH,195191
2023,R2,M009,,MBBS-GOVT.,GOVT,SCR,185303
2023,R2,M005,,MBBS-PRIV.,PRIV,GMP,213919
2023,R2,M009,,MBBS-GOVT.,GOVT,SCH,185598
2023,R2,M087,,MBBS-GOVT.,GOVT,SCRH,191056
2023,R2,M071,,MBBS-GOVT.,GOVT,SCG,195446
2023,R2,M084,,MBBS-GOVT.,GOVT,SCRH,186078
2023,R2,M068,,MBBS-GOVT.,GOVT,SCR,191800
2023,R2,M087,,MBBS-GOVT.,GOVT,SCK,186608
2023,R2,M092,,MBBS-GOVT.,GOVT,SCH,187162
2023,R2,M068,,MBBS-GOVT.,GOVT,STH,186794
2023,R2,M052,,MBBS-GOVT.,GOVT,STG,214334
2023,R2,M023,,MBBS-GOVT.,GOVT,STG,204151
2023,R2,M050,,MBBS-GOVT.,GOVT,SCR,187956
2023,R2,M061,,MBBS-GOVT.,GOVT,SCH,187979
2023,R2,M087,,MBBS-GOVT.,GOVT,SCKH,188005
2023,R2,M020,,MBBS-GOVT.,GOVT,SCG,196716
2023,R2,M042,,MBBS-GOVT.,GOVT,STH,194851
2023,R2,M086,,MBBS-GOVT.,GOVT,SCK,189383
2023,R2,M067,,MBBS-GOVT.,GOVT,STG,199080
2023,R2,M069,,MBBS-GOVT.,GOVT,SCG,199506
2023,R2,M083,,MBBS-GOVT.,GOVT,STG,208935
2023,R2,M064,,MBBS-GOVT.,GOVT,SCH,190588
2023,R2,M070,,MBBS-GOVT.,GOVT,STKH,190966
2023,R2,M077,,MBBS-GOVT.,GOVT,STK,190967
2023,R2,M035,,MBBS-GOVT.,GOVT,STR,191210
2023,R2,M066,,MBBS-GOVT.,GOVT,PH,906039
2023,R2,M062,,MBBS-GOVT.,GOVT,SCH,191501
2023,R2,M002,,MBBS-GOVT.,GOVT,STR,191828
2023,R2,M062,,MBBS-GOVT.,GOVT,STR,191842
2023,R2,M079,,MBBS-PRIV.,PRIV,GMPH,198674
2023,R2,M090,,MBBS-GOVT.,GOVT,STG,198514
2023,R2,M023,,MBBS-GOVT.,GOVT,SCR,194958
2023,R2,M035,,MBBS-GOVT.,GOVT,STH,193337
2023,R2,M067,,MBBS-GOVT.,GOVT,SCH,197470
2023,R2,M092,,MBBS-GOVT.,GOVT,SCK,193876
2023,R2,M020,,MBBS-GOVT.,GOVT,STG,205676
2023,R2,M035,,MBBS-GOVT.,GOVT,SCR,202277
2023,R2,M091,,MBBS-GOVT.,GOVT,SCG,206308
2023,R2,M043,,MBBS-GOVT.,GOVT,SCH,207292
2023,R2,M076,,MBBS-GOVT.,GOVT,SCKH,197143
2023,R2,M023,,MBBS-GOVT.,GOVT,SCH,197611
2023,R2,M020,,MBBS-GOVT.,GOVT,SCK,197656
2023,R2,M065,,MBBS-GOVT.,GOVT,SCG,204409
2023,R2,M093,,MBBS-GOVT.,GOVT,STG,197860
2023,R2,M054,,MBBS-GOVT.,GOVT,SCG,203123
2023,R2,M036,,MBBS-GOVT.,GOVT,SCRH,198103
2023,R2,M078,,MBBS-GOVT.,GOVT,SCH,198569
2023,R2,M062,,MBBS-GOVT.,GOVT,SCR,202946
2023,R2,M051,,MBBS-GOVT.,GOVT,SCK,198728
2023,R2,M079,,MBBS-GOVT.,GOVT,SCG,205869
2023,R2,M081,,MBBS-GOVT.,GOVT,SCH,198898
2023,R2,M054,,MBBS-GOVT.,GOVT,STG,208548
2023,R2,M084,,MBBS-GOVT.,GOVT,JK,199198
2023,R2,M005,,MBBS-GOVT.,GOVT,SCG,202151
2023,R2,M020,,MBBS-GOVT.,GOVT,SCR,201290
2023,R2,M090,,MBBS-GOVT.,GOVT,STH,201341
2023,R2,M053,,MBBS-GOVT.,GOVT,STR,201537
2023,R2,M085,,MBBS-GOVT.,GOVT,STK,201695
2023,R2,M065,,MBBS-GOVT.,GOVT,STG,202091
2023,R2,M042,,MBBS-GOVT.,GOVT,SCRH,203633
2023,R2,M045,,MBBS-GOVT.,GOVT,JK,203753
2023,R2,M020,,MBBS-GOVT.,GOVT,SCH,204300
2023,R2,M064,,MBBS-GOVT.,GOVT,SCR,214539
2023,R2,M052,,MBBS-GOVT.,GOVT,SCG,207728
2023,R2,M035,,MBBS-GOVT.,GOVT,SCH,204759
2023,R2,M041,,MBBS-GOVT.,GOVT,PH,1197732
2023,R2,M033,,MBBS-GOVT.,GOVT,SCG,207338
2023,R2,M087,,MBBS-GOVT.,GOVT,JK,206239
2023,R2,M090,,MBBS-GOVT.,GOVT,SCH,206483
2023,R2,M078,,MBBS-GOVT.,GOVT,SCR,207170
2023,R2,M033,,MBBS-GOVT.,GOVT,SCH,207423
2023,R2,M005,,MBBS-GOVT.,GOVT,SCH,211708
2023,R2,M023,,MBBS-GOVT.,GOVT,STR,208315
2023,R2,M089,,MBBS-GOVT.,GOVT,SCG,209013
2023,R2,M081,,MBBS-GOVT.,GOVT,STG,220568
2023,R2,M069,,MBBS-GOVT.,GOVT,STG,212834
2023,R2,M061,,MBBS-GOVT.,GOVT,SCK,209044
2023,R2,M033,,MBBS-GOVT.,GOVT,SCK,209113
2023,R2,M054,,MBBS-GOVT.,GOVT,SCR,210247
2023,R2,M004,,MBBS-GOVT.,GOVT,SCK,210332
2023,R2,M052,,MBBS-GOVT.,GOVT,SCH,211715
2023,R2,M008,,MBBS-GOVT.,GOVT,SCR,211746
2023,R2,M081,,MBBS-GOVT.,GOVT,SCR,212483
2023,R2,M020,,MBBS-GOVT.,GOVT,STR,212624
2023,R2,M083,,MBBS-GOVT.,GOVT,SCR,212654
2023,R2,M090,,MBBS-GOVT.,GOVT,SCR,213327
2023,R2,M067,,MBBS-GOVT.,GOVT,SCR,214113
2023,R2,M079,,MBBS-GOVT.,GOVT,STG,217799
2023,R2,M008,,MBBS-GOVT.,GOVT,STH,214151
2023,R2,M052,,MBBS-GOVT.,GOVT,SCR,214196
2023,R2,M087,,MBBS-GOVT.,GOVT,STRH,214228
2023,R2,M069,,MBBS-GOVT.,GOVT,SCR,214360
2023,R2,M033,,MBBS-GOVT.,GOVT,SCR,215193
2023,R2,M043,,MBBS-GOVT.,GOVT,SCR,215314
2023,R2,M091,,MBBS-GOVT.,GOVT,STG,217878
2023,R2,M064,,MBBS-GOVT.,GOVT,STR,216074
2023,R2,M024,,MBBS-GOVT.,GOVT,SPO,216189
2023,R2,M053,,MBBS-GOVT.,GOVT,SCR,216228
2023,R2,M091,,MBBS-GOVT.,GOVT,SCR,217080
2023,R2,M033,,MBBS-GOVT.,GOVT,STG,217377
2023,R2,M089,,MBBS-GOVT.,GOVT,SCH,217928
2023,R2,M078,,MBBS-GOVT.,GOVT,STR,218405
2023,R2,M005,,MBBS-GOVT.,GOVT,SCRH,218484
2023,R2,M054,,MBBS-GOVT.,GOVT,SCRH,218587
2023,R2,M083,,MBBS-PRIV.,PRIV,GMP,311155
2023,R2,M002,,MBBS-GOVT.,GOVT,SCK,219837
2023,R2,M050,,MBBS-GOVT.,GOVT,SCKH,220349
2023,R2,M065,,MBBS-GOVT.,GOVT,SCR,220350
2023,R2,M079,,MBBS-GOVT.,GOVT,SCR,221014
2023,R2,M036,,MBBS-GOVT.,GOVT,STK,221058
2023,R2,M089,,MBBS-GOVT.,GOVT,STG,221091
2023,R2,M071,,MBBS-GOVT.,GOVT,STR,221227
2023,R2,M005,,MBBS-GOVT.,GOVT,STH,221480
2023,R2,M071,,MBBS-GOVT.,GOVT,SCRH,221644
2023,R2,M090,,MBBS-GOVT.,GOVT,STR,221877
2023,R2,M083,,MBBS-GOVT.,GOVT,STH,222311
2023,R2,M091,,MBBS-GOVT.,GOVT,STH,222527
2023,R2,M089,,MBBS-GOVT.,GOVT,SCR,222593
2023,R2,M081,,MBBS-GOVT.,GOVT,STRH,222613
2023,R2,M086,,MBBS-GOVT.,GOVT,STK,222745
2023,R2,M083,,MBBS-GOVT.,GOVT,STR,223783
2023,R2,M064,,MBBS-GOVT.,GOVT,STRH,225961
2023,R2,M005,,MBBS-PRIV.,PRIV,GMPH,239915
2023,R2,M005,,MBBS-GOVT.,GOVT,STRH,227094
2023,R2,M035,,MBBS-GOVT.,GOVT,STK,230096
2023,R2,M090,,MBBS-GOVT.,GOVT,SCK,230613
2023,R2,M079,,MBBS-GOVT.,GOVT,SCK,232915
2023,R2,M023,,MBBS-PRIV.,PRIV,GMP,325205
2023,R2,M067,,MBBS-GOVT.,GOVT,SCK,234852
2023,R2,M036,,MBBS-PRIV.,PRIV,GMPH,261288
2023,R2,M002,,MBBS-GOVT.,GOVT,STK,238100
2023,R2,M067,,MBBS-GOVT.,GOVT,STK,239368
2023,R2,M062,,MBBS-GOVT.,GOVT,SCK,240874
2023,R2,M005,,MBBS-GOVT.,GOVT,STK,242274
2023,R2,M005,,MBBS-PRIV.,PRIV,MMH,1184634
2023,R2,M054,,MBBS-GOVT.,GOVT,SCK,244151
2023,R2,M005,,MBBS-GOVT.,GOVT,SCKH,249231
2023,R2,M023,,MBBS-GOVT.,GOVT,SCK,249885
2023,R2,M064,,MBBS-GOVT.,GOVT,SCK,254908
2023,R2,M078,,MBBS-GOVT.,GOVT,STK,255295
2023,R2,M025,,MBBS-GOVT.,GOVT,NCC,269876
2023,R2,M005,,MBBS-PRIV.,PRIV,MM,307446
2023,R2,M093,,MBBS-GOVT.,GOVT,STKH,292945
2023,R2,M084,,MBBS-GOVT.,GOVT,NCC,303229
2023,R2,M089,,MBBS-GOVT.,GOVT,STK,304885
2023,R2,M089,,MBBS-GOVT.,GOVT,SCK,321854
2023,R2,M064,,MBBS-PRIV.,PRIV,GMPH,504730
2023,R2,M023,,MBBS-PRIV.,PRIV,GMPH,511378
2023,R2,M065,,MBBS-PRIV.,PRIV,MU,1207065
2023,R2,M071,,MBBS-GOVT.,GOVT,NCC,341335
2023,R2,M083,,MBBS-PRIV.,PRIV,GMPH,451988
2023,R2,M009,,MBBS-GOVT.,GOVT,NCC,372754
2023,R2,M022,,MBBS-GOVT.,GOVT,SPO,387550
2023,R2,M004,,MBBS-GOVT.,GOVT,PH,1137862
2023,R2,M072,,MBBS-GOVT.,GOVT,PH,903682
2023,R2,M064,,MBBS-GOVT.,GOVT,NCC,474574
2023,R2,M054,,MBBS-GOVT.,GOVT,NCC,504384
2023,R2,M082,,MBBS-GOVT.,GOVT,PH,1098715
2023,R2,M021,,MBBS-GOVT.,GOVT,PH,897600
2023,R2,M004,,MBBS-GOVT.,GOVT,SPO,629250
2023,R2,M024,,MBBS-GOVT.,GOVT,PH,1154736
2023,R2,M011,,MBBS-PRIV.,PRIV,RC2,1182721
2023,R2,M075,,MBBS-GOVT.,GOVT,SPO,783291
2023,R2,M035,,MBBS-GOVT.,GOVT,PH,839698
2023,R2,M037,,MBBS-GOVT.,GOVT,PH,920315
2023,R2,M045,,MBBS-GOVT.,GOVT,PH,937521
2023,R2,M063,,MBBS-GOVT.,GOVT,PH,1139284
2023,R2,M050,,MBBS-GOVT.,GOVT,SPO,952778
2023,R2,M045,,MBBS-GOVT.,GOVT,NCC,991234
2023,R2,D337,,BDS-PRIV.,PRIV,OPN,328548
2023,R2,D101,,BDS-GOVT.,GOVT,GM,89695
2023,R2,D111,,BDS-PRIV.,PRIV,OPN,589204
2023,R2,D104,,BDS-GOVT.,GOVT,GM,100687
2023,R2,D335,,BDS-GOVT.,GOVT,GM,196554
2023,R2,D122,,BDS-GOVT.,GOVT,GM,162588
2023,R2,D661,,BDS-GOVT.,GOVT,GM,143791
2023,R2,D337,,BDS-GOVT.,GOVT,GM,116941
2023,R2,D101,,BDS-GOVT.,GOVT,GMH,90869
2023,R2,D556,,BDS-GOVT.,GOVT,GM,152291
2023,R2,D448,,BDS-GOVT.,GOVT,GM,105530
2023,R2,D102,,BDS-GOVT.,GOVT,GM,152364
2023,R2,D101,,BDS-GOVT.,GOVT,GMR,93037
2023,R2,D101,,BDS-GOVT.,GOVT,3AG,92392
2023,R2,D101,,BDS-GOVT.,GOVT,3BG,93862
2023,R2,D103,,BDS-GOVT.,GOVT,GM,136348
2023,R2,D101,,BDS-GOVT.,GOVT,2AG,103832
2023,R2,D101,,BDS-GOVT.,GOVT,1G,100626
2023,R2,D101,,BDS-GOVT.,GOVT,2BG,98022
2023,R2,D666,,BDS-GOVT.,GOVT,GM,104825
2023,R2,D119,,BDS-GOVT.,GOVT,GM,157850
2023,R2,D115,,BDS-GOVT.,GOVT,GM,127007
2023,R2,D664,,BDS-GOVT.,GOVT,GM,207201
2023,R2,D104,,BDS-GOVT.,GOVT,GMR,102860
2023,R2,D448,,BDS-GOVT.,GOVT,2AG,111593
2023,R2,D118,,BDS-GOVT.,GOVT,GM,132093
2023,R2,D104,,BDS-GOVT.,GOVT,GMH,108103
2023,R2,D666,,BDS-GOVT.,GOVT,GMH,124063
2023,R2,D225,,BDS-GOVT.,GOVT,GM,152242
2023,R2,D445,,BDS-GOVT.,GOVT,GM,154734
2023,R2,D448,,BDS-GOVT.,GOVT,GMR,109288
2023,R2,D448,,BDS-GOVT.,GOVT,GMH,137494
2023,R2,D104,,BDS-GOVT.,GOVT,2AG,111806
2023,R2,D104,,BDS-GOVT.,GOVT,3BG,111363
2023,R2,D666,,BDS-GOVT.,GOVT,GMR,112740
2023,R2,D104,,BDS-GOVT.,GOVT,3AG,112749
2023,R2,D111,,BDS-GOVT.,GOVT,GM,142439
2023,R2,D118,,BDS-GOVT.,GOVT,2AG,114768
2023,R2,D337,,BDS-GOVT.,GOVT,GMH,118026
2023,R2,D337,,BDS-GOVT.,GOVT,GMR,122034
2023,R2,D448,,BDS-GOVT.,GOVT,2BG,119436
2023,R2,D114,,BDS-GOVT.,GOVT,GM,177157
2023,R2,D442,,BDS-GOVT.,GOVT,GM,175066
2023,R2,D113,,BDS-GOVT.,GOVT,GM,181688
2023,R2,D337,,BDS-GOVT.,GOVT,3AG,134216
2023,R2,D336,,BDS-GOVT.,GOVT,GM,210204
2023,R2,D115,,BDS-GOVT.,GOVT,GMR,129967
2023,R2,D115,,BDS-GOVT.,GOVT,2AG,144053
2023,R2,D448,,BDS-GOVT.,GOVT,2AR,134477
2023,R2,D104,,BDS-GOVT.,GOVT,1G,134582
2023,R2,D115,,BDS-GOVT.,GOVT,GMH,135237
2023,R2,D112,,BDS-GOVT.,GOVT,GM,166435
2023,R2,D115,,BDS-GOVT.,GOVT,2BG,135370
2023,R2,D333,,BDS-GOVT.,GOVT,GM,139692
2023,R2,D557,,BDS-GOVT.,GOVT,GM,242561
2023,R2,D104,,BDS-GOVT.,GOVT,2AR,137566
2023,R2,D337,,BDS-GOVT.,GOVT,3BG,159922
2023,R2,D666,,BDS-GOVT.,GOVT,3BH,138816
2023,R2,D666,,BDS-GOVT.,GOVT,2AG,138820
2023,R2,D448,,BDS-GOVT.,GOVT,1G,141466
2023,R2,D448,,BDS-GOVT.,GOVT,3AH,143334
2023,R2,D337,,BDS-GOVT.,GOVT,2AG,148746
2023,R2,D448,,BDS-GOVT.,GOVT,2AH,171667
2023,R2,D448,,BDS-GOVT.,GOVT,3BH,147903
2023,R2,D103,,BDS-GOVT.,GOVT,2AG,154743
2023,R2,D104,,BDS-PRIV.,PRIV,OPN,352420
2023,R2,D115,,BDS-GOVT.,GOVT,3AG,145565
2023,R2,D662,,BDS-GOVT.,GOVT,GM,196489
2023,R2,D103,,BDS-GOVT.,GOVT,3AG,146226
2023,R2,D448,,BDS-GOVT.,GOVT,2BH,168315
2023,R2,D111,,BDS-GOVT.,GOVT,GMH,148280
2023,R2,D448,,BDS-GOVT.,GOVT,1H,163032
2023,R2,D116,,BDS-GOVT.,GOVT,GM,197240
2023,R2,D111,,BDS-GOVT.,GOVT,3AG,149771
2023,R2,D103,,BDS-GOVT.,GOVT,GMH,217458
2023,R2,D661,,BDS-GOVT.,GOVT,3AG,151105
2023,R2,D556,,BDS-GOVT.,GOVT,2AG,208687
2023,R2,D111,,BDS-GOVT.,GOVT,3BG,152899
2023,R2,D103,,BDS-GOVT.,GOVT,GMR,155671
2023,R2,D111,,BDS-GOVT.,GOVT,1G,153582
2023,R2,D102,,BDS-GOVT.,GOVT,1G,154995
2023,R2,D337,,BDS-GOVT.,GOVT,1G,155055
2023,R2,D666,,BDS-GOVT.,GOVT,GMRH,155690
2023,R2,D103,,BDS-GOVT.,GOVT,2BG,155952
2023,R2,D103,,BDS-GOVT.,GOVT,2AR,156017
2023,R2,D551,,BDS-GOVT.,GOVT,GM,167696
2023,R2,D102,,BDS-GOVT.,GOVT,GMR,163696
2023,R2,D102,,BDS-GOVT.,GOVT,2BG,156417
2023,R2,D661,,BDS-GOVT.,GOVT,GMR,173269
2023,R2,D102,,BDS-GOVT.,GOVT,GMH,158010
2023,R2,D102,,BDS-GOVT.,GOVT,3BG,169655
2023,R2,D661,,BDS-GOVT.,GOVT,2AG,193165
2023,R2,D115,,BDS-GOVT.,GOVT,1G,162267
2023,R2,D122,,BDS-GOVT.,GOVT,GMH,163064
2023,R2,D111,,BDS-GOVT.,GOVT,2AG,180423
2023,R2,D224,,BDS-GOVT.,GOVT,GM,212553
2023,R2,D663,,BDS-GOVT.,GOVT,GM,238579
2023,R2,D442,,BDS-PRIV.,PRIV,OPN,268544
2023,R2,D445,,BDS-GOVT.,GOVT,GMH,233114
2023,R2,D556,,BDS-GOVT.,GOVT,GMR,184405
2023,R2,D102,,BDS-GOVT.,GOVT,2AG,180098
2023,R2,D122,,BDS-PRIV.,PRIV,OPN,200403
2023,R2,D122,,BDS-GOVT.,GOVT,2AG,170301
2023,R2,D122,,BDS-GOVT.,GOVT,GMR,168990
2023,R2,D111,,BDS-GOVT.,GOVT,2BG,169023
2023,R2,D448,,BDS-GOVT.,GOVT,GMRH,188717
2023,R2,D665,,BDS-GOVT.,GOVT,GM,230564
2023,R2,D661,,BDS-GOVT.,GOVT,XD,171432
2023,R2,D119,,BDS-GOVT.,GOVT,3AG,171572
2023,R2,D102,,BDS-GOVT.,GOVT,3AG,171736
2023,R2,D119,,BDS-GOVT.,GOVT,2AG,172959
2023,R2,D103,,BDS-GOVT.,GOVT,1G,186678
2023,R2,D661,,BDS-PRIV.,PRIV,OPN,521684
2023,R2,D120,,BDS-GOVT.,GOVT,GM,207369
2023,R2,D112,,BDS-GOVT.,GOVT,GMR,175193
2023,R2,D661,,BDS-GOVT.,GOVT,3BG,175984
2023,R2,D115,,BDS-PRIV.,PRIV,OPN,382343
2023,R2,D122,,BDS-GOVT.,GOVT,1G,176577
2023,R2,D447,,BDS-GOVT.,GOVT,GM,226574
2023,R2,D555,,BDS-GOVT.,GOVT,GM,250741
2023,R2,D337,,BDS-GOVT.,GOVT,2BG,198854
2023,R2,D112,,BDS-GOVT.,GOVT,2BG,177481
2023,R2,D337,,BDS-GOVT.,GOVT,GMK,177909
2023,R2,D442,,BDS-GOVT.,GOVT,GMH,214570
2023,R2,D114,,BDS-GOVT.,GOVT,3AG,178888
2023,R2,D114,,BDS-GOVT.,GOVT,3BG,179327
2023,R2,D556,,BDS-PRIV.,PRIV,OPN,1043586
2023,R2,D661,,BDS-GOVT.,GOVT,GMK,181580
2023,R2,D666,,BDS-GOVT.,GOVT,3AH,184669
2023,R2,D113,,BDS-GOVT.,GOVT,3AG,186353
2023,R2,D118,,BDS-PRIV.,PRIV,OPN,298359
2023,R2,D112,,BDS-GOVT.,GOVT,3AG,186706
2023,R2,D119,,BDS-GOVT.,GOVT,GMR,186781
2023,R2,D111,,BDS-GOVT.,GOVT,GMR,186801
2023,R2,D113,,BDS-GOVT.,GOVT,2BG,186860
2023,R2,D556,,BDS-GOVT.,GOVT,GMH,187098
2023,R2,D113,,BDS-GOVT.,GOVT,2AG,199194
2023,R2,D666,,BDS-GOVT.,GOVT,GMK,188283
2023,R2,D122,,BDS-GOVT.,GOVT,2BG,188943
2023,R2,D102,,BDS-GOVT.,GOVT,3BH,189063
2023,R2,D103,,BDS-GOVT.,GOVT,3BG,189631
2023,R2,D118,,BDS-GOVT.,GOVT,2BG,189834
2023,R2,D114,,BDS-GOVT.,GOVT,GMR,207707
2023,R2,D666,,BDS-GOVT.,GOVT,D,194267
2023,R2,D661,,BDS-GOVT.,GOVT,2AR,194482
2023,R2,D114,,BDS-GOVT.,GOVT,2AG,219863
2023,R2,D551,,BDS-GOVT.,GOVT,3BG,195935
2023,R2,D337,,BDS-GOVT.,GOVT,NCC,196007
2023,R2,D101,,BDS-GOVT.,GOVT,SCG,216973
2023,R2,D443,,BDS-GOVT.,GOVT,GM,225758
2023,R2,D661,,BDS-GOVT.,GOVT,GMH,197908
2023,R2,D114,,BDS-GOVT.,GOVT,GMH,199925
2023,R2,D116,,BDS-GOVT.,GOVT,1G,200027
2023,R2,D661,,BDS-GOVT.,GOVT,2BG,200050
2023,R2,D113,,BDS-GOVT.,GOVT,GMH,200207
2023,R2,D104,,BDS-GOVT.,GOVT,2AH,200838
2023,R2,D335,,BDS-GOVT.,GOVT,2AG,208276
2023,R2,D121,,BDS-GOVT.,GOVT,GM,221493
2023,R2,D111,,BDS-GOVT.,GOVT,2BH,201792
2023,R2,D662,,BDS-GOVT.,GOVT,2BG,201812
2023,R2,D662,,BDS-GOVT.,GOVT,2AG,247781
2023,R2,D556,,BDS-GOVT.,GOVT,3BR,202711
2023,R2,D666,,BDS-GOVT.,GOVT,2AH,202953
2023,R2,D335,,BDS-GOVT.,GOVT,2BG,203168
2023,R2,D661,,BDS-GOVT.,GOVT,1G,203185
2023,R2,D666,,BDS-GOVT.,GOVT,2ARH,203383
2023,R2,D119,,BDS-GOVT.,GOVT,2BG,203467
2023,R2,D113,,BDS-GOVT.,GOVT,3BG,203481
2023,R2,D666,,BDS-GOVT.,GOVT,GMKH,204223
2023,R2,D446,,BDS-GOVT.,GOVT,GM,215273
2023,R2,D122,,BDS-GOVT.,GOVT,3BG,205842
2023,R2,D116,,BDS-GOVT.,GOVT,3BG,207807
2023,R2,D116,,BDS-GOVT.,GOVT,2BG,208621
2023,R2,D116,,BDS-GOVT.,GOVT,3AG,209098
2023,R2,D101,,BDS-GOVT.,GOVT,JK,210268
2023,R2,D103,,BDS-PRIV.,PRIV,OPN,611638
2023,R2,D336,,BDS-GOVT.,GOVT,2AG,270042
2023,R2,D103,,BDS-GOVT.,GOVT,GMK,212173
2023,R2,D662,,BDS-GOVT.,GOVT,3AG,243811
2023,R2,D336,,BDS-GOVT.,GOVT,GMH,214651
2023,R2,D115,,BDS-GOVT.,GOVT,3BR,213310
2023,R2,D116,,BDS-GOVT.,GOVT,2AG,214222
2023,R2,D443,,BDS-PRIV.,PRIV,OPN,392004
2023,R2,D113,,BDS-GOVT.,GOVT,GMR,220290
2023,R2,D119,,BDS-GOVT.,GOVT,2AR,214465
2023,R2,D119,,BDS-GOVT.,GOVT,SCG,227327
2023,R2,D336,,BDS-GOVT.,GOVT,SCG,325728
2023,R2,D104,,BDS-GOVT.,GOVT,SCG,221344
2023,R2,D448,,BDS-GOVT.,GOVT,SCG,219772
2023,R2,D101,,BDS-GOVT.,GOVT,SCH,218371
2023,R2,D120,,BDS-GOVT.,GOVT,3AG,218893
2023,R2,D662,,BDS-GOVT.,GOVT,3BG,223005
2023,R2,D116,,BDS-GOVT.,GOVT,GMR,221026
2023,R2,D103,,BDS-GOVT.,GOVT,2BH,221038
2023,R2,D556,,BDS-GOVT.,GOVT,2BG,221140
2023,R2,D556,,BDS-GOVT.,GOVT,3AG,221237
2023,R2,D661,,BDS-GOVT.,GOVT,2AH,221320
2023,R2,D118,,BDS-GOVT.,GOVT,GMR,221735
2023,R2,D442,,BDS-GOVT.,GOVT,1H,222598
2023,R2,D120,,BDS-GOVT.,GOVT,2AG,233196
2023,R2,D102,,BDS-GOVT.,GOVT,2AR,223047
2023,R2,D442,,BDS-GOVT.,GOVT,2BH,223436
2023,R2,D111,,BDS-GOVT.,GOVT,SCG,223565
2023,R2,D336,,BDS-GOVT.,GOVT,3BG,231584
2023,R2,D442,,BDS-GOVT.,GOVT,GMKH,225621
2023,R2,D120,,BDS-GOVT.,GOVT,D,226006
2023,R2,D445,,BDS-GOVT.,GOVT,D,226070
2023,R2,D101,,BDS-GOVT.,GOVT,SCR,226073
2023,R2,D118,,BDS-GOVT.,GOVT,1G,226105
2023,R2,D661,,BDS-GOVT.,GOVT,1H,226235
2023,R2,D122,,BDS-PRIV.,PRIV,GMP,592862
2023,R2,D444,,BDS-GOVT.,GOVT,GM,239668
2023,R2,D442,,BDS-GOVT.,GOVT,2AG,259702
2023,R2,D225,,BDS-GOVT.,GOVT,D,227786
2023,R2,D225,,BDS-GOVT.,GOVT,SCG,266844
2023,R2,D556,,BDS-GOVT.,GOVT,SCG,308600
2023,R2,D121,,BDS-GOVT.,GOVT,3BG,229931
2023,R2,D666,,BDS-GOVT.,GOVT,SCG,230078
2023,R2,D448,,BDS-GOVT.,GOVT,STG,230166
2023,R2,D446,,BDS-GOVT.,GOVT,GMH,261412
2023,R2,D102,,BDS-GOVT.,GOVT,SCG,242433
2023,R2,D448,,BDS-GOVT.,GOVT,SCH,245682
2023,R2,D115,,BDS-GOVT.,GOVT,SCG,233050
2023,R2,D122,,BDS-GOVT.,GOVT,SCG,233186
2023,R2,D113,,BDS-GOVT.,GOVT,2AR,234020
2023,R2,D336,,BDS-PRIV.,PRIV,OPN,1216098
2023,R2,D665,,BDS-GOVT.,GOVT,3BG,234567
2023,R2,D443,,BDS-GOVT.,GOVT,GMH,294915
2023,R2,D336,,BDS-GOVT.,GOVT,3AG,235298
2023,R2,D112,,BDS-GOVT.,GOVT,2AG,235835
2023,R2,D333,,BDS-PRIV.,PRIV,OPN,870506
2023,R2,D336,,BDS-GOVT.,GOVT,GMR,265839
2023,R2,D103,,BDS-GOVT.,GOVT,SCG,259646
2023,R2,D333,,BDS-GOVT.,GOVT,3BG,236783
2023,R2,D333,,BDS-GOVT.,GOVT,GMH,237443
2023,R2,D666,,BDS-GOVT.,GOVT,SCH,244518
2023,R2,D663,,BDS-GOVT.,GOVT,2AG,296071
2023,R2,D551,,BDS-GOVT.,GOVT,3AG,240578
2023,R2,D114,,BDS-GOVT.,GOVT,3BH,240688
2023,R2,D119,,BDS-GOVT.,GOVT,3BR,240905
2023,R2,D101,,BDS-GOVT.,GOVT,STG,255138
2023,R2,D104,,BDS-GOVT.,GOVT,STG,242122
2023,R2,D443,,BDS-GOVT.,GOVT,3BG,242361
2023,R2,D113,,BDS-GOVT.,GOVT,1G,242453
2023,R2,D118,,BDS-GOVT.,GOVT,SCG,242705
2023,R2,D112,,BDS-PRIV.,PRIV,OPN,1163177
2023,R2,D442,,BDS-GOVT.,GOVT,3BH,242850
2023,R2,D662,,BDS-GOVT.,GOVT,GMR,257335
2023,R2,D557,,BDS-GOVT.,GOVT,3BG,244109
2023,R2,D663,,BDS-PRIV.,PRIV,OPN,1173375
2023,R2,D446,,BDS-GOVT.,GOVT,3BG,245595
2023,R2,D121,,BDS-GOVT.,GOVT,2AG,245784
2023,R2,D448,,BDS-GOVT.,GOVT,SCR,245845
2023,R2,D118,,BDS-GOVT.,GOVT,SCR,245947
2023,R2,D663,,BDS-GOVT.,GOVT,3BG,248593
2023,R2,D337,,BDS-GOVT.,GOVT,SCG,255733
2023,R2,D121,,BDS-GOVT.,GOVT,2BG,248007
2023,R2,D447,,BDS-GOVT.,GOVT,GMH,266307
2023,R2,D444,,BDS-GOVT.,GOVT,GMH,291554
2023,R2,D114,,BDS-PRIV.,PRIV,OPN,1206040
2023,R2,D662,,BDS-GOVT.,GOVT,GMK,250475
2023,R2,D103,,BDS-GOVT.,GOVT,2AK,250507
2023,R2,D113,,BDS-GOVT.,GOVT,SCG,281540
2023,R2,D115,,BDS-GOVT.,GOVT,GMK,250669
2023,R2,D664,,BDS-GOVT.,GOVT,3BG,250896
2023,R2,D442,,BDS-GOVT.,GOVT,GMR,252060
2023,R2,D555,,BDS-GOVT.,GOVT,3BG,252157
2023,R2,D448,,BDS-GOVT.,GOVT,STH,288524
2023,R2,D116,,BDS-GOVT.,GOVT,SCG,301196
2023,R2,D225,,BDS-GOVT.,GOVT,2AG,255030
2023,R2,D115,,BDS-GOVT.,GOVT,SCR,255064
2023,R2,D662,,BDS-GOVT.,GOVT,1G,255570
2023,R2,D664,,BDS-PRIV.,PRIV,OPN,804228
2023,R2,D102,,BDS-GOVT.,GOVT,SCR,256433
2023,R2,D663,,BDS-GOVT.,GOVT,GMR,280444
2023,R2,D661,,BDS-GOVT.,GOVT,SCG,308685
2023,R2,D225,,BDS-GOVT.,GOVT,GMH,257545
2023,R2,D225,,BDS-GOVT.,GOVT,GMR,257756
2023,R2,D333,,BDS-GOVT.,GOVT,GMR,257836
2023,R2,D666,,BDS-GOVT.,GOVT,STG,258393
2023,R2,D665,,BDS-GOVT.,GOVT,1G,259159
2023,R2,D665,,BDS-GOVT.,GOVT,2AG,307367
2023,R2,D663,,BDS-GOVT.,GOVT,2BG,259724
2023,R2,D225,,BDS-GOVT.,GOVT,1G,260546
2023,R2,D114,,BDS-GOVT.,GOVT,SCG,268095
2023,R2,D442,,BDS-GOVT.,GOVT,SCG,281596
2023,R2,D112,,BDS-GOVT.,GOVT,2AR,262334
2023,R2,D662,,BDS-GOVT.,GOVT,GMH,262686
2023,R2,D555,,BDS-GOVT.,GOVT,GMR,278275
2023,R2,D442,,BDS-GOVT.,GOVT,3AG,263355
2023,R2,D442,,BDS-GOVT.,GOVT,GMRH,264753
2023,R2,D116,,BDS-PRIV.,PRIV,OPN,522282
2023,R2,D445,,BDS-PRIV.,PRIV,OPN,331341
2023,R2,D335,,BDS-GOVT.,GOVT,XD,266468
2023,R2,D551,,BDS-GOVT.,GOVT,SCG,280551
2023,R2,D336,,BDS-GOVT.,GOVT,2BG,266893
2023,R2,D446,,BDS-GOVT.,GOVT,2AG,268143
2023,R2,D557,,BDS-GOVT.,GOVT,GMR,268415
2023,R2,D335,,BDS-GOVT.,GOVT,GMR,268442
2023,R2,D335,,BDS-PRIV.,PRIV,OPN,642129
2023,R2,D665,,BDS-GOVT.,GOVT,GMR,271385
2023,R2,D335,,BDS-GOVT.,GOVT,1G,269956
2023,R2,D445,,BDS-GOVT.,GOVT,3AH,270079
2023,R2,D333,,BDS-GOVT.,GOVT,2AG,319114
2023,R2,D112,,BDS-GOVT.,GOVT,SCG,293890
2023,R2,D112,,BDS-GOVT.,GOVT,GMRH,272463
2023,R2,D337,,BDS-GOVT.,GOVT,SCH,273003
2023,R2,D445,,BDS-GOVT.,GOVT,SCH,387455
2023,R2,D557,,BDS-PRIV.,PRIV,OPN,1169020
2023,R2,D664,,BDS-GOVT.,GOVT,2AG,276954
2023,R2,D115,,BDS-GOVT.,GOVT,2AH,273687
2023,R2,D337,,BDS-GOVT.,GOVT,SCR,274609
2023,R2,D661,,BDS-GOVT.,GOVT,STG,310390
2023,R2,D224,,BDS-PRIV.,PRIV,OPN,306979
2023,R2,D555,,BDS-GOVT.,GOVT,2AG,293108
2023,R2,D119,,BDS-GOVT.,GOVT,2AH,276374
2023,R2,D446,,BDS-GOVT.,GOVT,2BH,276707
2023,R2,D551,,BDS-GOVT.,GOVT,GMH,278305
2023,R2,D103,,BDS-GOVT.,GOVT,SCR,278429
2023,R2,D336,,BDS-GOVT.,GOVT,1G,278552
2023,R2,D663,,BDS-GOVT.,GOVT,STG,402365
2023,R2,D447,,BDS-GOVT.,GOVT,3BH,278962
2023,R2,D333,,BDS-GOVT.,GOVT,1G,279335
2023,R2,D442,,BDS-PRIV.,PRIV,GMP,345225
2023,R2,D442,,BDS-GOVT.,GOVT,3AH,279994
2023,R2,D113,,BDS-GOVT.,GOVT,GMK,280321
2023,R2,D335,,BDS-GOVT.,GOVT,2AH,280340
2023,R2,D448,,BDS-GOVT.,GOVT,SCRH,280411
2023,R2,D225,,BDS-GOVT.,GOVT,SCR,281642
2023,R2,D224,,BDS-GOVT.,GOVT,2AG,287969
2023,R2,D445,,BDS-GOVT.,GOVT,2AH,281934
2023,R2,D446,,BDS-GOVT.,GOVT,2AH,330928
2023,R2,D336,,BDS-GOVT.,GOVT,2AR,283528
2023,R2,D662,,BDS-GOVT.,GOVT,SCG,334527
2023,R2,D664,,BDS-GOVT.,GOVT,GMR,295945
2023,R2,D225,,BDS-GOVT.,GOVT,2AK,284545
2023,R2,D665,,BDS-PRIV.,PRIV,OPN,358222
2023,R2,D120,,BDS-PRIV.,PRIV,OPN,484610
2023,R2,D103,,BDS-GOVT.,GOVT,STG,346174
2023,R2,D119,,BDS-PRIV.,PRIV,OPN,839038
2023,R2,D665,,BDS-GOVT.,GOVT,3AH,286036
2023,R2,D224,,BDS-GOVT.,GOVT,SCG,302825
2023,R2,D555,,BDS-GOVT.,GOVT,2BR,287140
2023,R2,D664,,BDS-GOVT.,GOVT,SCG,359500
2023,R2,D224,,BDS-GOVT.,GOVT,1G,287227
2023,R2,D555,,BDS-GOVT.,GOVT,GMH,287325
2023,R2,D447,,BDS-GOVT.,GOVT,1H,287499
2023,R2,D556,,BDS-GOVT.,GOVT,2AH,287578
2023,R2,D335,,BDS-GOVT.,GOVT,GMK,288340
2023,R2,D663,,BDS-GOVT.,GOVT,1G,288974
2023,R2,D119,,BDS-GOVT.,GOVT,GMK,290041
2023,R2,D224,,BDS-GOVT.,GOVT,GMR,290673
2023,R2,D442,,BDS-GOVT.,GOVT,SCH,312565
2023,R2,D442,,BDS-GOVT.,GOVT,2AH,309453
2023,R2,D101,,BDS-GOVT.,GOVT,STH,292811
2023,R2,D557,,BDS-GOVT.,GOVT,2AG,296361
2023,R2,D103,,BDS-GOVT.,GOVT,3BK,293433
2023,R2,D112,,BDS-GOVT.,GOVT,GMK,293777
2023,R2,D443,,BDS-GOVT.,GOVT,GMR,296120
2023,R2,D120,,BDS-GOVT.,GOVT,SCG,302829
2023,R2,D447,,BDS-GOVT.,GOVT,2BH,297487
2023,R2,D113,,BDS-GOVT.,GOVT,SCR,297694
2023,R2,D116,,BDS-GOVT.,GOVT,GMK,297727
2023,R2,D551,,BDS-GOVT.,GOVT,2AR,297980
2023,R2,D111,,BDS-GOVT.,GOVT,SCK,301903
2023,R2,D446,,BDS-GOVT.,GOVT,1H,302022
2023,R2,D443,,BDS-GOVT.,GOVT,2AH,344050
2023,R2,D448,,BDS-GOVT.,GOVT,JK,302293
2023,R2,D663,,BDS-GOVT.,GOVT,SCG,331267
2023,R2,D112,,BDS-GOVT.,GOVT,3BR,305183
2023,R2,D443,,BDS-GOVT.,GOVT,3BH,305639
2023,R2,D447,,BDS-GOVT.,GOVT,GMRH,306516
2023,R2,D555,,BDS-GOVT.,GOVT,2AR,306666
2023,R2,D557,,BDS-GOVT.,GOVT,GMK,306730
2023,R2,D114,,BDS-GOVT.,GOVT,SCR,307316
2023,R2,D557,,BDS-GOVT.,GOVT,2AR,307583
2023,R2,D335,,BDS-GOVT.,GOVT,SCG,308967
2023,R2,D664,,BDS-GOVT.,GOVT,2AH,309862
2023,R2,D112,,BDS-GOVT.,GOVT,SCR,310240
2023,R2,D663,,BDS-GOVT.,GOVT,1H,310973
2023,R2,D113,,BDS-GOVT.,GOVT,STG,391803
2023,R2,D557,,BDS-GOVT.,GOVT,SCG,341012
2023,R2,D443,,BDS-GOVT.,GOVT,GMRH,313370
2023,R2,D337,,BDS-GOVT.,GOVT,STG,322525
2023,R2,D446,,BDS-GOVT.,GOVT,GMRH,316450
2023,R2,D447,,BDS-GOVT.,GOVT,SCG,317334
2023,R2,D662,,BDS-GOVT.,GOVT,2AR,318006
2023,R2,D665,,BDS-GOVT.,GOVT,SCG,351486
2023,R2,D118,,BDS-GOVT.,GOVT,STG,375115
2023,R2,D121,,BDS-GOVT.,GOVT,SCK,320337
2023,R2,D445,,BDS-GOVT.,GOVT,2BR,320927
2023,R2,D112,,BDS-GOVT.,GOVT,SCH,322828
2023,R2,D444,,BDS-GOVT.,GOVT,GMRH,324569
2023,R2,D119,,BDS-GOVT.,GOVT,STG,324892
2023,R2,D663,,BDS-GOVT.,GOVT,GMK,325876
2023,R2,D447,,BDS-PRIV.,PRIV,OPN,1203539
2023,R2,D115,,BDS-GOVT.,GOVT,STR,329723
2023,R2,D663,,BDS-GOVT.,GOVT,2AR,330078
2023,R2,D102,,BDS-PRIV.,PRIV,OPN,657573
2023,R2,D447,,BDS-GOVT.,GOVT,SCH,404624
2023,R2,D444,,BDS-GOVT.,GOVT,2AH,331851
2023,R2,D666,,BDS-GOVT.,GOVT,STH,332279
2023,R2,D336,,BDS-GOVT.,GOVT,2AK,333793
2023,R2,D447,,BDS-GOVT.,GOVT,2AH,334401
2023,R2,D224,,BDS-PRIV.,PRIV,GMP,673527
2023,R2,D443,,BDS-GOVT.,GOVT,SCH,357798
2023,R2,D442,,BDS-GOVT.,GOVT,SCKH,337309
2023,R2,D665,,BDS-GOVT.,GOVT,2AK,337404
2023,R2,D663,,BDS-GOVT.,GOVT,SCR,337695
2023,R2,D337,,BDS-PRIV.,PRIV,GMP,484272
2023,R2,D555,,BDS-GOVT.,GOVT,SCG,364513
2023,R2,D557,,BDS-GOVT.,GOVT,2BR,339496
2023,R2,D102,,BDS-GOVT.,GOVT,STG,374523
2023,R2,D664,,BDS-GOVT.,GOVT,CAP,343602
2023,R2,D113,,BDS-GOVT.,GOVT,SCH,344622
2023,R2,D336,,BDS-GOVT.,GOVT,SCH,346369
2023,R2,D444,,BDS-GOVT.,GOVT,3BRH,346565
2023,R2,D443,,BDS-GOVT.,GOVT,2AR,347407
2023,R2,D445,,BDS-GOVT.,GOVT,GMRH,349356
2023,R2,D664,,BDS-GOVT.,GOVT,2BR,349358
2023,R2,D225,,BDS-PRIV.,PRIV,OPN,1146910
2023,R2,D447,,BDS-GOVT.,GOVT,GMKH,352398
2023,R2,D116,,BDS-GOVT.,GOVT,3AH,353465
2023,R2,D112,,BDS-GOVT.,GOVT,STG,392643
2023,R2,D444,,BDS-GOVT.,GOVT,SCG,354078
2023,R2,D115,,BDS-GOVT.,GOVT,STK,354312
2023,R2,D443,,BDS-GOVT.,GOVT,2BRH,355277
2023,R2,D442,,BDS-PRIV.,PRIV,GMPH,806506
2023,R2,D335,,BDS-GOVT.,GOVT,SCK,357907
2023,R2,D336,,BDS-GOVT.,GOVT,SCR,359894
2023,R2,D336,,BDS-GOVT.,GOVT,NCC,359974
2023,R2,D104,,BDS-PRIV.,PRIV,GMP,473629
2023,R2,D444,,BDS-GOVT.,GOVT,1R,360653
2023,R2,D114,,BDS-GOVT.,GOVT,STG,363291
2023,R2,D666,,BDS-GOVT.,GOVT,JK,363588
2023,R2,D333,,BDS-GOVT.,GOVT,SCG,364238
2023,R2,D662,,BDS-GOVT.,GOVT,STG,365022
2023,R2,D664,,BDS-GOVT.,GOVT,GMRH,366001
2023,R2,D665,,BDS-PRIV.,PRIV,GMP,863923
2023,R2,D665,,BDS-GOVT.,GOVT,3AR,368877
2023,R2,D114,,BDS-GOVT.,GOVT,1K,368955
2023,R2,D444,,BDS-GOVT.,GOVT,2ARH,369017
2023,R2,D664,,BDS-GOVT.,GOVT,STG,369933
2023,R2,D445,,BDS-PRIV.,PRIV,GMP,483340
2023,R2,D557,,BDS-GOVT.,GOVT,STG,372702
2023,R2,D663,,BDS-GOVT.,GOVT,3AR,373253
2023,R2,D114,,BDS-GOVT.,GOVT,2BK,373901
2023,R2,D665,,BDS-GOVT.,GOVT,SCH,374175
2023,R2,D662,,BDS-GOVT.,GOVT,SCH,374566
2023,R2,D442,,BDS-GOVT.,GOVT,2AKH,377297
2023,R2,D335,,BDS-GOVT.,GOVT,STG,443863
2023,R2,D111,,BDS-GOVT.,GOVT,STG,378742
2023,R2,D444,,BDS-PRIV.,PRIV,OPN,393236
2023,R2,D118,,BDS-PRIV.,PRIV,GMP,959683
2023,R2,D443,,BDS-GOVT.,GOVT,2AK,381351
2023,R2,D556,,BDS-GOVT.,GOVT,STG,381519
2023,R2,D224,,BDS-GOVT.,GOVT,GMK,382228
2023,R2,D115,,BDS-PRIV.,PRIV,GMP,739113
2023,R2,D113,,BDS-PRIV.,PRIV,OPN,1188732
2023,R2,D225,,BDS-GOVT.,GOVT,STG,390573
2023,R2,D443,,BDS-PRIV.,PRIV,GMP,804972
2023,R2,D555,,BDS-GOVT.,GOVT,1R,396627
2023,R2,D555,,BDS-GOVT.,GOVT,GMRH,396807
2023,R2,D121,,BDS-GOVT.,GOVT,STG,398769
2023,R2,D447,,BDS-GOVT.,GOVT,3AR,404052
2023,R2,D557,,BDS-GOVT.,GOVT,1R,406729
2023,R2,D551,,BDS-PRIV.,PRIV,OPN,1061527
2023,R2,D555,,BDS-GOVT.,GOVT,3AR,408061
2023,R2,D337,,BDS-GOVT.,GOVT,SCK,409918
2023,R2,D557,,BDS-GOVT.,GOVT,SCR,409943
2023,R2,D447,,BDS-GOVT.,GOVT,3ARH,410723
2023,R2,D555,,BDS-GOVT.,GOVT,SCR,413733
2023,R2,D120,,BDS-GOVT.,GOVT,SCH,414475
2023,R2,D443,,BDS-GOVT.,GOVT,SCR,414933
2023,R2,D444,,BDS-GOVT.,GOVT,SCH,417466
2023,R2,D446,,BDS-GOVT.,GOVT,SCH,420439
2023,R2,D442,,BDS-GOVT.,GOVT,STH,453501
2023,R2,D662,,BDS-GOVT.,GOVT,SCR,421888
2023,R2,D116,,BDS-GOVT.,GOVT,STH,424290
2023,R2,D555,,BDS-PRIV.,PRIV,OPN,1128867
2023,R2,D665,,BDS-GOVT.,GOVT,STG,436139
2023,R2,D555,,BDS-GOVT.,GOVT,SCH,436504
2023,R2,D663,,BDS-GOVT.,GOVT,STH,441175
2023,R2,D442,,BDS-GOVT.,GOVT,SCRH,443031
2023,R2,D443,,BDS-GOVT.,GOVT,STH,505427
2023,R2,D336,,BDS-GOVT.,GOVT,STG,446705
2023,R2,D445,,BDS-GOVT.,GOVT,SCRH,449081
2023,R2,D333,,BDS-GOVT.,GOVT,STG,455083
2023,R2,D555,,BDS-GOVT.,GOVT,STG,458065
2023,R2,D664,,BDS-GOVT.,GOVT,1R,459203
2023,R2,D121,,BDS-GOVT.,GOVT,SCRH,460884
2023,R2,D662,,BDS-PRIV.,PRIV,OPN,1124292
2023,R2,D443,,BDS-GOVT.,GOVT,1RH,471826
2023,R2,D447,,BDS-GOVT.,GOVT,2ARH,475210
2023,R2,D444,,BDS-GOVT.,GOVT,STH,477332
2023,R2,D445,,BDS-PRIV.,PRIV,GMPH,1083511
2023,R2,D663,,BDS-GOVT.,GOVT,SCK,485427
2023,R2,D447,,BDS-GOVT.,GOVT,STG,490286
2023,R2,D120,,BDS-PRIV.,PRIV,GMP,797920
2023,R2,D118,,BDS-GOVT.,GOVT,STH,503438
2023,R2,D551,,BDS-GOVT.,GOVT,SPO,503633
2023,R2,D444,,BDS-PRIV.,PRIV,GMP,725030
2023,R2,D114,,BDS-GOVT.,GOVT,STR,511901
2023,R2,D337,,BDS-PRIV.,PRIV,GMPH,629665
2023,R2,D557,,BDS-GOVT.,GOVT,GMKH,517734
2023,R2,D116,,BDS-GOVT.,GOVT,STR,525111
2023,R2,D116,,BDS-PRIV.,PRIV,GMP,1114382
2023,R2,D661,,BDS-PRIV.,PRIV,GMP,996367
2023,R2,D122,,BDS-GOVT.,GOVT,STK,548310
2023,R2,D446,,BDS-GOVT.,GOVT,SPO,558375
2023,R2,D448,,BDS-GOVT.,GOVT,STRH,598727
2023,R2,D111,,BDS-PRIV.,PRIV,GMP,1009603
2023,R2,D557,,BDS-GOVT.,GOVT,2ARH,603832
2023,R2,D104,,BDS-GOVT.,GOVT,STR,613171
2023,R2,D122,,BDS-PRIV.,PRIV,ME,642088
2023,R2,D103,,BDS-PRIV.,PRIV,GMP,894238
2023,R2,D122,,BDS-PRIV.,PRIV,GMPH,647158
2023,R2,D662,,BDS-GOVT.,GOVT,STR,654011
2023,R2,D102,,BDS-PRIV.,PRIV,GMP,1008232
2023,R2,D446,,BDS-PRIV.,PRIV,OPN,1160339
2023,R2,D118,,BDS-GOVT.,GOVT,SPO,676803
2023,R2,D335,,BDS-PRIV.,PRIV,GMP,1048270
2023,R2,D120,,BDS-GOVT.,GOVT,STR,721366
2023,R2,D337,,BDS-GOVT.,GOVT,SPO,722875
2023,R2,D445,,BDS-GOVT.,GOVT,STR,723597
2023,R2,D444,,BDS-PRIV.,PRIV,GMPH,1214465
2023,R2,D443,,BDS-PRIV.,PRIV,GMPH,841390
2023,R2,D119,,BDS-PRIV.,PRIV,GMP,1124623
2023,R2,D121,,BDS-PRIV.,PRIV,OPN,907022
2023,R2,D447,,BDS-GOVT.,GOVT,SPO,862761
2023,R2,D104,,BDS-PRIV.,PRIV,GMPH,1208857
2023,R2,D443,,BDS-PRIV.,PRIV,MMH,1211513
2023,R2,D664,,BDS-PRIV.,PRIV,GMP,1119287
2023,R2,D115,,BDS-PRIV.,PRIV,GMPH,926845
2023,R2,D665,,BDS-PRIV.,PRIV,GMPH,933492
2023,R2,D224,,BDS-PRIV.,PRIV,MM,972728
2023,R2,D443,,BDS-PRIV.,PRIV,MM,991115
2023,R2,D333,,BDS-PRIV.,PRIV,GMP,1210644
2023,R2,D557,,BDS-GOVT.,GOVT,3AK,1113132
2023,R2,D447,,BDS-GOVT.,GOVT,STRH,1202909
2023,MOPUP,M001,,MBBS-GOVT.,GOVT,GM,14759
2023,MOPUP,M009,,MBBS-PRIV.,PRIV,OPN,27148
2023,MOPUP,M011,,MBBS-PRIV.,PRIV,OPN,23705
2023,MOPUP,M003,,MBBS-PRIV.,PRIV,OPN,26858
2023,MOPUP,M021,,MBBS-GOVT.,GOVT,GM,58211
2023,MOPUP,M093,,MBBS-PRIV.,PRIV,OPN,26753
2023,MOPUP,M002,,MBBS-PRIV.,PRIV,OPN,30251
2023,MOPUP,M004,,MBBS-PRIV.,PRIV,OPN,80140
2023,MOPUP,M050,,MBBS-PRIV.,PRIV,OPN,34075
2023,MOPUP,M068,,MBBS-PRIV.,PRIV,OPN,32984
2023,MOPUP,M078,,MBBS-PRIV.,PRIV,OPN,35386
2023,MOPUP,M010,,MBBS-PRIV.,PRIV,OPN,35433
2023,MOPUP,M061,,MBBS-PRIV.,PRIV,OPN,39442
2023,MOPUP,M008,,MBBS-PRIV.,PRIV,OPN,40847
2023,MOPUP,M081,,MBBS-PRIV.,PRIV,OPN,64138
2023,MOPUP,M062,,MBBS-PRIV.,PRIV,OPN,52398
2023,MOPUP,M071,,MBBS-PRIV.,PRIV,OPN,54463
2023,MOPUP,M042,,MBBS-PRIV.,PRIV,OPN,58872
2023,MOPUP,M052,,MBBS-GOVT.,GOVT,GM,51851
2023,MOPUP,M020,,MBBS-PRIV.,PRIV,OPN,77632
2023,MOPUP,M079,,MBBS-PRIV.,PRIV,OPN,71471
2023,MOPUP,M035,,MBBS-PRIV.,PRIV,OPN,87840
2023,MOPUP,M066,,MBBS-GOVT.,GOVT,GM,69172
2023,MOPUP,M054,,MBBS-PRIV.,PRIV,OPN,92121
2023,MOPUP,M043,,MBBS-PRIV.,PRIV,OPN,81779
2023,MOPUP,M082,,MBBS-GOVT.,GOVT,GM,65301
2023,MOPUP,M090,,MBBS-PRIV.,PRIV,OPN,90751
2023,MOPUP,M091,,MBBS-PRIV.,PRIV,OPN,92561
2023,MOPUP,M069,,MBBS-PRIV.,PRIV,OPN,93052
2023,MOPUP,M065,,MBBS-PRIV.,PRIV,OPN,70125
2023,MOPUP,M033,,MBBS-PRIV.,PRIV,OPN,92512
2023,MOPUP,M031,,MBBS-GOVT.,GOVT,GM,67817
2023,MOPUP,M085,,MBBS-GOVT.,GOVT,GM,68695
2023,MOPUP,M025,,MBBS-GOVT.,GOVT,GM,69673
2023,MOPUP,M011,,MBBS-PRIV.,PRIV,RC8,119943
2023,MOPUP,M037,,MBBS-GOVT.,GOVT,GM,71516
2023,MOPUP,M003,,MBBS-PRIV.,PRIV,GMP,79669
2023,MOPUP,M003,,MBBS-GOVT.,GOVT,GM,74230
2023,MOPUP,M002,,MBBS-GOVT.,GOVT,3BG,74572
2023,MOPUP,M044,,MBBS-GOVT.,GOVT,GM,77575
2023,MOPUP,M061,,MBBS-GOVT.,GOVT,GM,77717
2023,MOPUP,M083,,MBBS-GOVT.,GOVT,GM,77947
2023,MOPUP,M081,,MBBS-GOVT.,GOVT,3AG,78261
2023,MOPUP,M035,,MBBS-GOVT.,GOVT,GM,78380
2023,MOPUP,M065,,MBBS-GOVT.,GOVT,GM,78404
2023,MOPUP,M093,,MBBS-PRIV.,PRIV,GMP,79638
2023,MOPUP,M054,,MBBS-GOVT.,GOVT,3AG,79922
2023,MOPUP,M089,,MBBS-GOVT.,GOVT,GM,80176
2023,MOPUP,M037,,MBBS-GOVT.,GOVT,3BH,81762
2023,MOPUP,M020,,MBBS-PRIV.,PRIV,GMP,82126
2023,MOPUP,M005,,MBBS-GOVT.,GOVT,3AG,82348
2023,MOPUP,M067,,MBBS-PRIV.,PRIV,OPN,90156
2023,MOPUP,M081,,MBBS-PRIV.,PRIV,GMP,82654
2023,MOPUP,M069,,MBBS-PRIV.,PRIV,GMP,83273
2023,MOPUP,M093,,MBBS-GOVT.,GOVT,2BG,83600
2023,MOPUP,M042,,MBBS-PRIV.,PRIV,GMPH,85494
2023,MOPUP,M043,,MBBS-PRIV.,PRIV,GMP,86635
2023,MOPUP,M005,,MBBS-GOVT.,GOVT,GMR,89473
2023,MOPUP,M035,,MBBS-PRIV.,PRIV,GMPH,89768
2023,MOPUP,M067,,MBBS-PRIV.,PRIV,GMP,91246
2023,MOPUP,M090,,MBBS-PRIV.,PRIV,GMP,92720
2023,MOPUP,M079,,MBBS-PRIV.,PRIV,GMP,92274
2023,MOPUP,M035,,MBBS-GOVT.,GOVT,XD,92282
2023,MOPUP,M079,,MBBS-GOVT.,GOVT,1G,93488
2023,MOPUP,M008,,MBBS-PRIV.,PRIV,GMPH,93524
2023,MOPUP,M079,,MBBS-PRIV.,PRIV,MM,94368
2023,MOPUP,M054,,MBBS-PRIV.,PRIV,GMP,96002
2023,MOPUP,M008,,MBBS-PRIV.,PRIV,MA,94615
2023,MOPUP,M091,,MBBS-PRIV.,PRIV,GMP,96810
2023,MOPUP,M005,,MBBS-PRIV.,PRIV,OPN,162093
2023,MOPUP,M093,,MBBS-GOVT.,GOVT,1G,96225
2023,MOPUP,M071,,MBBS-PRIV.,PRIV,ME,96839
2023,MOPUP,M036,,MBBS-PRIV.,PRIV,OPN,157900
2023,MOPUP,M004,,MBBS-PRIV.,PRIV,GMP,140129
2023,MOPUP,M067,,MBBS-PRIV.,PRIV,ME,201426
2023,MOPUP,M064,,MBBS-GOVT.,GOVT,3BK,105489
2023,MOPUP,M069,,MBBS-PRIV.,PRIV,GMPH,105735
2023,MOPUP,M065,,MBBS-PRIV.,PRIV,GMPH,114370
2023,MOPUP,M093,,MBBS-GOVT.,GOVT,GMKH,114446
2023,MOPUP,M023,,MBBS-PRIV.,PRIV,OPN,330680
2023,MOPUP,M024,,MBBS-GOVT.,GOVT,STG,143550
2023,MOPUP,M064,,MBBS-PRIV.,PRIV,OPN,480686
2023,MOPUP,M041,,MBBS-GOVT.,GOVT,STG,145050
2023,MOPUP,M083,,MBBS-PRIV.,PRIV,OPN,245564
2023,MOPUP,M036,,MBBS-PRIV.,PRIV,GMP,209380
2023,MOPUP,M005,,MBBS-PRIV.,PRIV,GMP,245462
2023,MOPUP,M004,,MBBS-PRIV.,PRIV,GMPH,283954
2023,MOPUP,M025,,MBBS-GOVT.,GOVT,SCG,204446
2023,MOPUP,M077,,MBBS-GOVT.,GOVT,SCG,207659
2023,MOPUP,M075,,MBBS-GOVT.,GOVT,SCH,210426
2023,MOPUP,M084,,MBBS-GOVT.,GOVT,STG,220935
2023,MOPUP,M076,,MBBS-GOVT.,GOVT,STG,221986
2023,MOPUP,M077,,MBBS-GOVT.,GOVT,STG,222661
2023,MOPUP,M085,,MBBS-GOVT.,GOVT,STG,223898
2023,MOPUP,M086,,MBBS-GOVT.,GOVT,STG,224437
2023,MOPUP,M005,,MBBS-PRIV.,PRIV,GMPH,248121
2023,MOPUP,M083,,MBBS-PRIV.,PRIV,GMP,326368
2023,MOPUP,M005,,MBBS-PRIV.,PRIV,MM,299676
2023,MOPUP,M036,,MBBS-PRIV.,PRIV,GMPH,303691
2023,MOPUP,M005,,MBBS-PRIV.,PRIV,MMH,346612
2023,MOPUP,M023,,MBBS-PRIV.,PRIV,GMP,400307
2023,MOPUP,M083,,MBBS-PRIV.,PRIV,GMPH,536936
2023,MOPUP,M064,,MBBS-PRIV.,PRIV,GMP,643726
2023,MOPUP,M010,,MBBS-PRIV.,PRIV,MU,515094
2023,MOPUP,M023,,MBBS-PRIV.,PRIV,GMPH,944645
2023,MOPUP,M064,,MBBS-PRIV.,PRIV,GMPH,1064192
2023,MOPUP,M024,,MBBS-GOVT.,GOVT,PH,1106150
2023,STRAY,M050,,MBBS-PRIV.,PRIV,OPN,40324
2023,STRAY,M009,,MBBS-PRIV.,PRIV,OPN,33693
2023,STRAY,M002,,MBBS-PRIV.,PRIV,OPN,31461
2023,STRAY,M078,,MBBS-PRIV.,PRIV,OPN,53475
2023,STRAY,M068,,MBBS-PRIV.,PRIV,OPN,37905
2023,STRAY,M004,,MBBS-PRIV.,PRIV,OPN,216221
2023,STRAY,M081,,MBBS-PRIV.,PRIV,OPN,43041
2023,STRAY,M010,,MBBS-PRIV.,PRIV,OPN,51550
2023,STRAY,M079,,MBBS-PRIV.,PRIV,OPN,69915
2023,STRAY,M069,,MBBS-PRIV.,PRIV,OPN,61271
2023,STRAY,M020,,MBBS-PRIV.,PRIV,OPN,68035
2023,STRAY,M054,,MBBS-PRIV.,PRIV,OPN,85884
2023,STRAY,M091,,MBBS-PRIV.,PRIV,OPN,75407
2023,STRAY,M089,,MBBS-GOVT.,GOVT,GM,79198
2023,STRAY,M093,,MBBS-GOVT.,GOVT,3BG,80082
2023,STRAY,M033,,MBBS-PRIV.,PRIV,OPN,83086
2023,STRAY,M067,,MBBS-PRIV.,PRIV,OPN,83631
2023,STRAY,M069,,MBBS-PRIV.,PRIV,GMPH,102472
2023,STRAY,M005,,MBBS-PRIV.,PRIV,OPN,109719
2023,STRAY,M023,,MBBS-PRIV.,PRIV,OPN,147757
2023,STRAY,M083,,MBBS-PRIV.,PRIV,GMP,134957
2023,STRAY,M064,,MBBS-PRIV.,PRIV,OPN,314786
2023,STRAY,M083,,MBBS-PRIV.,PRIV,GMPH,337632
