year,round,authority,counselling_scope,rank_raw,air,rank_type,allotted_quota,college_raw,course,seat_category,candidate_category,fee,status,source_id
2023,STRAY,KEA,STATE_KA,52353,52353,AIR,,"Vydehi Institute of Medical Science and Research Centre,No. 82,EPIP Area, Nallurahalli,Mahadevpura, White Field Road,Bangalore",MBBS,OPN,,1092852,Allotted,30
2023,STRAY,KEA,STATE_KA,72687,72687,AIR,,"Vydehi Institute of Medical Science and Research Centre,No. 82,EPIP Area, Nallurahalli,Mahadevpura, White Field Road,Bangalore",MBBS,OPN,,1092852,Allotted,30
2023,STRAY,KEA,STATE_KA,81346,81346,AIR,,"Vydehi Institute of Medical Science and Research Centre,No. 82,EPIP Area, Nallurahalli,Mahadevpura, White Field Road,Bangalore",MBBS,OPN,,1092852,Allotted,30
2023,STRAY,KEA,STATE_KA,85150,85150,AIR,,"Bangalore Medical College,NO-2, Fort , K R ROAD,Bangalore",MBBS,GM,,60100,Allotted,30
2023,STRAY,KEA,STATE_KA,87129,87129,AIR,,"Vydehi Institute of Medical Science and Research Centre,No. 82,EPIP Area, Nallurahalli,Mahadevpura, White Field Road,Bangalore",MBBS,OPN,,1092852,Allotted,30
2023,STRAY,KEA,STATE_KA,87271,87271,AIR,,"Vydehi Institute of Medical Science and Research Centre,No. 82,EPIP Area, Nallurahalli,Mahadevpura, White Field Road,Bangalore",MBBS,OPN,,1092852,Allotted,30
2023,STRAY,KEA,STATE_KA,89203,89203,AIR,,"Vydehi Institute of Medical Science and Research Centre,No. 82,EPIP Area, Nallurahalli,Mahadevpura, White Field Road,Bangalore",MBBS,OPN,,1092852,Allotted,30
2023,STRAY,KEA,STATE_KA,90176,90176,AIR,,"Vydehi Institute of Medical Science and Research Centre,No. 82,EPIP Area, Nallurahalli,Mahadevpura, White Field Road,Bangalore",MBBS,OPN,,1092852,Allotted,30
2023,STRAY,KEA,STATE_KA,91012,91012,AIR,,"Vydehi Institute of Medical Science and Research Centre,No. 82,EPIP Area, Nallurahalli,Mahadevpura, White Field Road,Bangalore",MBBS,OPN,,1092852,Allotted,30
2023,STRAY,KEA,STATE_KA,92865,92865,AIR,,"Vydehi Institute of Medical Science and Research Centre,No. 82,EPIP Area, Nallurahalli,Mahadevpura, White Field Road,Bangalore",MBBS,OPN,,1092852,Allotted,30
2023,STRAY,KEA,STATE_KA,93052,93052,AIR,,"Shridevi Institute of Medical Sciences and Research Hospital,Sira Road,Tumkur",MBBS,OPN,,1092852,Allotted,30
2023,STRAY,KEA,STATE_KA,94328,94328,AIR,,"A.J.Institute of Medical Sciences,NH - 66, Kuntikana,Mangalore",MBBS,OPN,,1092852,Allotted,30
2023,STRAY,KEA,STATE_KA,94507,94507,AIR,,"Akash Institute of Medical Sciences and Research Centre,DEVANAHALLI,NEAR BANGALORE INTERNATIONAL,BANGALORE",MBBS,OPN,,1092852,Allotted,30
2023,STRAY,KEA,STATE_KA,95601,95601,AIR,,"The Oxford Medical College Hospital and Research Center,Yadavanahalli, Attibele Hobli,Anekal Taluk,Bangalore",MBBS,OPN,,1092852,Allotted,30
2023,STRAY,KEA,STATE_KA,95832,95832,AIR,,"Father Muller Institute of Med. Education & Research,Father Muller Road,Kankanady,Mangalore",MBBS,OPN,,1092852,Allotted,30
2023,STRAY,KEA,STATE_KA,96111,96111,AIR,,"K.Venkataramana Gowda Medical College and Hospital,Kurunjibag,Sullia,Dakshina Kannada",MBBS,OPN,,1092852,Allotted,30
2023,STRAY,KEA,STATE_KA,98611,98611,AIR,,"K.Venkataramana Gowda Medical College and Hospital,Kurunjibag,Sullia,Dakshina Kannada",MBBS,OPN,,1092852,Allotted,30
2023,STRAY,KEA,STATE_KA,98643,98643,AIR,,"Kanachur Institute of Medical Sciences and Research Centre,UNIVERSITY ROAD,NATEKAL POST,MANGALORE",MBBS,OPN,,1092852,Allotted,30
2023,STRAY,KEA,STATE_KA,98954,98954,AIR,,"K.Venkataramana Gowda Medical College and Hospital,Kurunjibag,Sullia,Dakshina Kannada",MBBS,OPN,,1092852,Allotted,30
2023,STRAY,KEA,STATE_KA,99689,99689,AIR,,"Kanachur Institute of Medical Sciences and Research Centre,UNIVERSITY ROAD,NATEKAL POST,MANGALORE",MBBS,OPN,,1092852,Allotted,30
2023,STRAY,KEA,STATE_KA,100297,100297,AIR,,"Kanachur Institute of Medical Sciences and Research Centre,UNIVERSITY ROAD,NATEKAL POST,MANGALORE",MBBS,OPN,,1092852,Allotted,30
2023,STRAY,KEA,STATE_KA,103468,103468,AIR,,"Kanachur Institute of Medical Sciences and Research Centre,UNIVERSITY ROAD,NATEKAL POST,MANGALORE",MBBS,OPN,,1092852,Allotted,30
2023,STRAY,KEA,STATE_KA,105910,105910,AIR,,"Kanachur Institute of Medical Sciences and Research Centre,UNIVERSITY ROAD,NATEKAL POST,MANGALORE",MBBS,OPN,,1092852,Allotted,30
2023,STRAY,KEA,STATE_KA,114221,114221,AIR,,"Shridevi Institute of Medical Sciences and Research Hospital,Sira Road,Tumkur",MBBS,GMPH,,1092852,Allotted,30
2023,STRAY,KEA,STATE_KA,117857,117857,AIR,,"M.S.Ramaiah Medical College,MSR Nagar, MSRIT Post,Mathikere,Bangalore",MBBS,OPN,,2215750,Allotted,30
2023,STRAY,KEA,STATE_KA,136161,136161,AIR,,"Khaja Bande Navaz Institute Of Medical Sciences,Rouza Buzurq,Gulbarga",MBBS,OPN,,1630715,Allotted,30
2023,STRAY,KEA,STATE_KA,136456,136456,AIR,,"Adichunchanagiri Institute of Medical Sciences,B.G Nagar,Nagamangal Tq,Bellur, Mandya Dist.",MBBS,OPN,,2015750,Allotted,30
2023,STRAY,KEA,STATE_KA,141153,141153,AIR,,"Sapthagiri Institute of Medical Sciences,No.15, chikkasandra,Hesaraghatta main,Bangalore",MBBS,OPN,,2212700,Allotted,30
2023,STRAY,KEA,STATE_KA,158518,158518,AIR,,"M.S.Ramaiah Medical College,MSR Nagar, MSRIT Post,Mathikere,Bangalore",MBBS,OPN,,2215750,Allotted,30
2023,STRAY,KEA,STATE_KA,161034,161034,AIR,,"M.S.Ramaiah Medical College,MSR Nagar, MSRIT Post,Mathikere,Bangalore",MBBS,OPN,,2215750,Allotted,30
2023,STRAY,KEA,STATE_KA,162958,162958,AIR,,"Khaja Bande Navaz Institute Of Medical Sciences,Rouza Buzurq,Gulbarga",MBBS,OPN,,1630715,Allotted,30
2023,STRAY,KEA,STATE_KA,163267,163267,AIR,,"The Oxford Medical College Hospital and Research Center,Yadavanahalli, Attibele Hobli,Anekal Taluk,Bangalore",MBBS,OTH,,3012700,Allotted,30
2023,STRAY,KEA,STATE_KA,165399,165399,AIR,,"M.S.Ramaiah Medical College,MSR Nagar, MSRIT Post,Mathikere,Bangalore",MBBS,OPN,,2215750,Allotted,30
2023,STRAY,KEA,STATE_KA,166168,166168,AIR,,"Dr. Chandramma Dayananda Sagar Institute of Medical Education,Harohalli hobli, Kanakapura Rd",MBBS,GMP,,2015750,Allotted,30
2023,STRAY,KEA,STATE_KA,173987,173987,AIR,,"M.S.Ramaiah Medical College,MSR Nagar, MSRIT Post,Mathikere,Bangalore",MBBS,OPN,,2215750,Allotted,30
2023,STRAY,KEA,STATE_KA,178329,178329,AIR,,"M.S.Ramaiah Medical College,MSR Nagar, MSRIT Post,Mathikere,Bangalore",MBBS,OPN,,2215750,Allotted,30
2023,STRAY,KEA,STATE_KA,180570,180570,AIR,,"M.S.Ramaiah Medical College,MSR Nagar, MSRIT Post,Mathikere,Bangalore",MBBS,OPN,,2215750,Allotted,30
2023,STRAY,KEA,STATE_KA,186038,186038,AIR,,"Sapthagiri Institute of Medical Sciences,No.15, chikkasandra,Hesaraghatta main,Bangalore",MBBS,OPN,,2212700,Allotted,30
2023,STRAY,KEA,STATE_KA,198878,198878,AIR,,"Dr. B.R. Ambedkar Medical College,Kadugondanahalli,Bangalore",MBBS,OTH,,3512700,Allotted,30
2023,STRAY,KEA,STATE_KA,199953,199953,AIR,,"Sapthagiri Institute of Medical Sciences,No.15, chikkasandra,Hesaraghatta main,Bangalore",MBBS,OPN,,2212700,Allotted,30
2023,STRAY,KEA,STATE_KA,210887,210887,AIR,,"Kempegowda Institute of Medical Sciences,B.S.K II Stage,Near B D A Complex,Bangalore",MBBS,OTH,,4012700,Allotted,30
2023,STRAY,KEA,STATE_KA,213590,213590,AIR,,"Navodaya Medical College,PB No.26, Navodaya Nagar,Mantralyam Road,Raichur",MBBS,OTH,,3012700,Allotted,30
2023,STRAY,KEA,STATE_KA,256418,256418,AIR,,"SRI CHAMUNDESHWARI MEDICAL COLLEGE, HOSPITAL AND RESEARCH INST,CHANNAPATNA, RAMANAGARA",MBBS,OTH,,2412700,Allotted,30
2023,STRAY,KEA,STATE_KA,268250,268250,AIR,,"SRI CHAMUNDESHWARI MEDICAL COLLEGE, HOSPITAL AND RESEARCH INST,CHANNAPATNA, RAMANAGARA",MBBS,OTH,,2412700,Allotted,30
2023,STRAY,KEA,STATE_KA,273048,273048,AIR,,"SRI CHAMUNDESHWARI MEDICAL COLLEGE, HOSPITAL AND RESEARCH INST,CHANNAPATNA, RAMANAGARA",MBBS,OTH,,2412700,Allotted,30
2023,STRAY,KEA,STATE_KA,282337,282337,AIR,,"Mahadevappa Rampure Medical College,Mahadevappa Rampure Marg,Sedam Road,Kalaburgi",MBBS,OTH,,3512700,Allotted,30
2023,STRAY,KEA,STATE_KA,296286,296286,AIR,,"Navodaya Medical College,PB No.26, Navodaya Nagar,Mantralyam Road,Raichur",MBBS,OTH,,3012700,Allotted,30
2023,STRAY,KEA,STATE_KA,300216,300216,AIR,,"K.Venkataramana Gowda Medical College and Hospital,Kurunjibag,Sullia,Dakshina Kannada",MBBS,OTH,,2512700,Allotted,30
2023,STRAY,KEA,STATE_KA,310508,310508,AIR,,"East Point College of Medical Sciences and Research Center,Bangalore",MBBS,OTH,,3012700,Allotted,30
2023,STRAY,KEA,STATE_KA,312050,312050,AIR,,"Kanachur Institute of Medical Sciences and Research Centre,UNIVERSITY ROAD,NATEKAL POST,MANGALORE",MBBS,OTH,,2812700,Allotted,30
2023,STRAY,KEA,STATE_KA,325995,325995,AIR,,"The Oxford Medical College Hospital and Research Center,Yadavanahalli, Attibele Hobli,Anekal Taluk,Bangalore",MBBS,OTH,,3012700,Allotted,30
2023,STRAY,KEA,STATE_KA,332308,332308,AIR,,"Shymanuru Shivashankarappa Institute Of Medical Sciences,Jnanashankara, NH-4,Bypass Road,Davangere",MBBS,OTH,,3912700,Allotted,30
2023,STRAY,KEA,STATE_KA,358045,358045,AIR,,"Jaya Jagadguru Murugharajendra Medical College,Davangere,Davangere District",MBBS,OTH,,4512700,Allotted,30
2023,STRAY,KEA,STATE_KA,362102,362102,AIR,,"A.J.Institute of Medical Sciences,NH - 66, Kuntikana,Mangalore",MBBS,OTH,,4012700,Allotted,30
2023,STRAY,KEA,STATE_KA,370583,370583,AIR,,"Adichunchanagiri Institute of Medical Sciences,B.G Nagar,Nagamangal Tq,Bellur, Mandya Dist.",MBBS,OTH,,3215750,Allotted,30
2023,STRAY,KEA,STATE_KA,376240,376240,AIR,,"Dr. B.R. Ambedkar Medical College,Kadugondanahalli,Bangalore",MBBS,OTH,,3512700,Allotted,30
2023,STRAY,KEA,STATE_KA,385660,385660,AIR,,"Kanachur Institute of Medical Sciences and Research Centre,UNIVERSITY ROAD,NATEKAL POST,MANGALORE",MBBS,OTH,,2812700,Allotted,30
2023,STRAY,KEA,STATE_KA,387709,387709,AIR,,"K.Venkataramana Gowda Medical College and Hospital,Kurunjibag,Sullia,Dakshina Kannada",MBBS,OTH,,2512700,Allotted,30
2023,STRAY,KEA,STATE_KA,390456,390456,AIR,,"Father Muller Institute of Med. Education & Research,Father Muller Road,Kankanady,Mangalore",MBBS,OTH,,3512700,Allotted,30
2023,STRAY,KEA,STATE_KA,393942,393942,AIR,,"SRI CHAMUNDESHWARI MEDICAL COLLEGE, HOSPITAL AND RESEARCH INST,CHANNAPATNA, RAMANAGARA",MBBS,OTH,,2412700,Allotted,30
2023,STRAY,KEA,STATE_KA,396258,396258,AIR,,"Srinivasa Institute of Medical Research Center,Srinivas Nagar,Mukka, Surathkal,Mangalore",MBBS,OTH,,3262700,Allotted,30
2023,STRAY,KEA,STATE_KA,410473,410473,AIR,,"Navodaya Medical College,PB No.26, Navodaya Nagar,Mantralyam Road,Raichur",MBBS,OTH,,3012700,Allotted,30
2023,STRAY,KEA,STATE_KA,412925,412925,AIR,,"SRI CHAMUNDESHWARI MEDICAL COLLEGE, HOSPITAL AND RESEARCH INST,CHANNAPATNA, RAMANAGARA",MBBS,OTH,,2412700,Allotted,30
2023,STRAY,KEA,STATE_KA,418078,418078,AIR,,"A.J.Institute of Medical Sciences,NH - 66, Kuntikana,Mangalore",MBBS,OTH,,4012700,Allotted,30
2023,STRAY,KEA,STATE_KA,421580,421580,AIR,,"Kanachur Institute of Medical Sciences and Research Centre,UNIVERSITY ROAD,NATEKAL POST,MANGALORE",MBBS,OTH,,2812700,Allotted,30
2023,STRAY,KEA,STATE_KA,427041,427041,AIR,,"Adichunchanagiri Institute of Medical Sciences,B.G Nagar,Nagamangal Tq,Bellur, Mandya Dist.",MBBS,OTH,,3215750,Allotted,30
2023,STRAY,KEA,STATE_KA,434935,434935,AIR,,"Akash Institute of Medical Sciences and Research Centre,DEVANAHALLI,NEAR BANGALORE INTERNATIONAL,BANGALORE",MBBS,OTH,,3212700,Allotted,30
2023,STRAY,KEA,STATE_KA,435430,435430,AIR,,"M.V.J.Medical College and Research Hospital,NH-4, Dandupalya, Kolathur -,Post, Hoskote,Channasandra, Bangalore",MBBS,OTH,,3612700,Allotted,30
2023,STRAY,KEA,STATE_KA,441689,441689,AIR,,"Jaya Jagadguru Murugharajendra Medical College,Davangere,Davangere District",MBBS,OTH,,4512700,Allotted,30
2023,STRAY,KEA,STATE_KA,451705,451705,AIR,,"SRI CHAMUNDESHWARI MEDICAL COLLEGE, HOSPITAL AND RESEARCH INST,CHANNAPATNA, RAMANAGARA",MBBS,OTH,,2412700,Allotted,30
2023,STRAY,KEA,STATE_KA,457212,457212,AIR,,"K.Venkataramana Gowda Medical College and Hospital,Kurunjibag,Sullia,Dakshina Kannada",MBBS,OTH,,2512700,Allotted,30
2023,STRAY,KEA,STATE_KA,460737,460737,AIR,,"Navodaya Medical College,PB No.26, Navodaya Nagar,Mantralyam Road,Raichur",MBBS,OTH,,3012700,Allotted,30
2023,STRAY,KEA,STATE_KA,466315,466315,AIR,,"Sapthagiri Institute of Medical Sciences,No.15, chikkasandra,Hesaraghatta main,Bangalore",MBBS,OTH,,4012700,Allotted,30
2023,STRAY,KEA,STATE_KA,469984,469984,AIR,,"Adichunchanagiri Institute of Medical Sciences,B.G Nagar,Nagamangal Tq,Bellur, Mandya Dist.",MBBS,OTH,,3215750,Allotted,30
2023,STRAY,KEA,STATE_KA,473987,473987,AIR,,"SRI CHAMUNDESHWARI MEDICAL COLLEGE, HOSPITAL AND RESEARCH INST,CHANNAPATNA, RAMANAGARA",MBBS,OTH,,2412700,Allotted,30
2023,STRAY,KEA,STATE_KA,479762,479762,AIR,,"Mahadevappa Rampure Medical College,Mahadevappa Rampure Marg,Sedam Road,Kalaburgi",MBBS,OTH,,3512700,Allotted,30
2023,STRAY,KEA,STATE_KA,511059,511059,AIR,,"Kanachur Institute of Medical Sciences and Research Centre,UNIVERSITY ROAD,NATEKAL POST,MANGALORE",MBBS,OTH,,2812700,Allotted,30
2023,STRAY,KEA,STATE_KA,514044,514044,AIR,,"Dr. B.R. Ambedkar Medical College,Kadugondanahalli,Bangalore",MBBS,OTH,,3512700,Allotted,30
2023,STRAY,KEA,STATE_KA,519940,519940,AIR,,"Akash Institute of Medical Sciences and Research Centre,DEVANAHALLI,NEAR BANGALORE INTERNATIONAL,BANGALORE",MBBS,OTH,,3212700,Allotted,30
2023,STRAY,KEA,STATE_KA,522526,522526,AIR,,"Shymanuru Shivashankarappa Institute Of Medical Sciences,Jnanashankara, NH-4,Bypass Road,Davangere",MBBS,OTH,,3912700,Allotted,30
2023,STRAY,KEA,STATE_KA,524986,524986,AIR,,"S. Nijalingappa Medical College and Research Centre,Navanagara,Bagalkot",MBBS,OTH,,3512700,Allotted,30
2023,STRAY,KEA,STATE_KA,532437,532437,AIR,,"East Point College of Medical Sciences and Research Center,Bangalore",MBBS,OTH,,3012700,Allotted,30
2023,STRAY,KEA,STATE_KA,538719,538719,AIR,,"SRI CHAMUNDESHWARI MEDICAL COLLEGE, HOSPITAL AND RESEARCH INST,CHANNAPATNA, RAMANAGARA",MBBS,OTH,,2412700,Allotted,30
2023,STRAY,KEA,STATE_KA,539137,539137,AIR,,"Kanachur Institute of Medical Sciences and Research Centre,UNIVERSITY ROAD,NATEKAL POST,MANGALORE",MBBS,OTH,,2812700,Allotted,30
2023,STRAY,KEA,STATE_KA,543572,543572,AIR,,"Father Muller Institute of Med. Education & Research,Father Muller Road,Kankanady,Mangalore",MBBS,OTH,,3512700,Allotted,30
2023,STRAY,KEA,STATE_KA,544516,544516,AIR,,"Srinivasa Institute of Medical Research Center,Srinivas Nagar,Mukka, Surathkal,Mangalore",MBBS,OTH,,3262700,Allotted,30
2023,STRAY,KEA,STATE_KA,545663,545663,AIR,,"Adichunchanagiri Institute of Medical Sciences,B.G Nagar,Nagamangal Tq,Bellur, Mandya Dist.",MBBS,OTH,,3215750,Allotted,30
2023,STRAY,KEA,STATE_KA,547210,547210,AIR,,"Shymanuru Shivashankarappa Institute Of Medical Sciences,Jnanashankara, NH-4,Bypass Road,Davangere",MBBS,OTH,,3912700,Allotted,30
2023,STRAY,KEA,STATE_KA,556508,556508,AIR,,"Subbaiah Institute of Medical Science,NH-13, Purle,H.H Road,Shimoga",MBBS,OTH,,2512700,Allotted,30
2023,STRAY,KEA,STATE_KA,556905,556905,AIR,,"Navodaya Medical College,PB No.26, Navodaya Nagar,Mantralyam Road,Raichur",MBBS,OTH,,3012700,Allotted,30
2023,STRAY,KEA,STATE_KA,559322,559322,AIR,,"Navodaya Medical College,PB No.26, Navodaya Nagar,Mantralyam Road,Raichur",MBBS,OTH,,3012700,Allotted,30
2023,STRAY,KEA,STATE_KA,564518,564518,AIR,,"Mahadevappa Rampure Medical College,Mahadevappa Rampure Marg,Sedam Road,Kalaburgi",MBBS,OTH,,3512700,Allotted,30
2023,STRAY,KEA,STATE_KA,567094,567094,AIR,,"Kanachur Institute of Medical Sciences and Research Centre,UNIVERSITY ROAD,NATEKAL POST,MANGALORE",MBBS,OTH,,2812700,Allotted,30
2023,STRAY,KEA,STATE_KA,570012,570012,AIR,,"Navodaya Medical College,PB No.26, Navodaya Nagar,Mantralyam Road,Raichur",MBBS,OTH,,3012700,Allotted,30
2023,STRAY,KEA,STATE_KA,575893,575893,AIR,,"Shymanuru Shivashankarappa Institute Of Medical Sciences,Jnanashankara, NH-4,Bypass Road,Davangere",MBBS,OTH,,3912700,Allotted,30
2023,STRAY,KEA,STATE_KA,583795,583795,AIR,,"Father Muller Institute of Med. Education & Research,Father Muller Road,Kankanady,Mangalore",MBBS,OTH,,3512700,Allotted,30
2023,STRAY,KEA,STATE_KA,586772,586772,AIR,,"Dr. Chandramma Dayananda Sagar Institute of Medical Education,Harohalli hobli, Kanakapura Rd",MBBS,OTH,,3515750,Allotted,30
2023,STRAY,KEA,STATE_KA,600419,600419,AIR,,"A.J.Institute of Medical Sciences,NH - 66, Kuntikana,Mangalore",MBBS,OTH,,4012700,Allotted,30
2023,STRAY,KEA,STATE_KA,601273,601273,AIR,,"Navodaya Medical College,PB No.26, Navodaya Nagar,Mantralyam Road,Raichur",MBBS,OTH,,3012700,Allotted,30
2023,STRAY,KEA,STATE_KA,604111,604111,AIR,,"Akash Institute of Medical Sciences and Research Centre,DEVANAHALLI,NEAR BANGALORE INTERNATIONAL,BANGALORE",MBBS,OTH,,3212700,Allotted,30
2023,STRAY,KEA,STATE_KA,616366,616366,AIR,,"Father Muller Institute of Med. Education & Research,Father Muller Road,Kankanady,Mangalore",MBBS,OTH,,3512700,Allotted,30
2023,STRAY,KEA,STATE_KA,621123,621123,AIR,,"Mahadevappa Rampure Medical College,Mahadevappa Rampure Marg,Sedam Road,Kalaburgi",MBBS,OTH,,3512700,Allotted,30
2023,STRAY,KEA,STATE_KA,637357,637357,AIR,,"M.V.J.Medical College and Research Hospital,NH-4, Dandupalya, Kolathur -,Post, Hoskote,Channasandra, Bangalore",MBBS,OTH,,3612700,Allotted,30
2023,STRAY,KEA,STATE_KA,639162,639162,AIR,,"Adichunchanagiri Institute of Medical Sciences,B.G Nagar,Nagamangal Tq,Bellur, Mandya Dist.",MBBS,OTH,,3215750,Allotted,30
2023,STRAY,KEA,STATE_KA,644895,644895,AIR,,"Akash Institute of Medical Sciences and Research Centre,DEVANAHALLI,NEAR BANGALORE INTERNATIONAL,BANGALORE",MBBS,OTH,,3212700,Allotted,30
2023,STRAY,KEA,STATE_KA,646343,646343,AIR,,"Navodaya Medical College,PB No.26, Navodaya Nagar,Mantralyam Road,Raichur",MBBS,OTH,,3012700,Allotted,30
2023,STRAY,KEA,STATE_KA,648887,648887,AIR,,"A.J.Institute of Medical Sciences,NH - 66, Kuntikana,Mangalore",MBBS,OTH,,4012700,Allotted,30
2023,STRAY,KEA,STATE_KA,652054,652054,AIR,,"M.V.J.Medical College and Research Hospital,NH-4, Dandupalya, Kolathur -,Post, Hoskote,Channasandra, Bangalore",MBBS,OTH,,3612700,Allotted,30
2023,STRAY,KEA,STATE_KA,662671,662671,AIR,,"Adichunchanagiri Institute of Medical Sciences,B.G Nagar,Nagamangal Tq,Bellur, Mandya Dist.",MBBS,OTH,,3215750,Allotted,30
2023,STRAY,KEA,STATE_KA,671402,671402,AIR,,"A.J.Institute of Medical Sciences,NH - 66, Kuntikana,Mangalore",MBBS,OTH,,4012700,Allotted,30
2023,STRAY,KEA,STATE_KA,672586,672586,AIR,,"Srinivasa Institute of Medical Research Center,Srinivas Nagar,Mukka, Surathkal,Mangalore",MBBS,OTH,,3262700,Allotted,30
2023,STRAY,KEA,STATE_KA,690111,690111,AIR,,"Adichunchanagiri Institute of Medical Sciences,B.G Nagar,Nagamangal Tq,Bellur, Mandya Dist.",MBBS,OTH,,3215750,Allotted,30
2023,STRAY,KEA,STATE_KA,690880,690880,AIR,,"Srinivasa Institute of Medical Research Center,Srinivas Nagar,Mukka, Surathkal,Mangalore",MBBS,OTH,,3262700,Allotted,30
2023,STRAY,KEA,STATE_KA,692852,692852,AIR,,"Navodaya Medical College,PB No.26, Navodaya Nagar,Mantralyam Road,Raichur",MBBS,OTH,,3012700,Allotted,30
2023,STRAY,KEA,STATE_KA,703691,703691,AIR,,"M.V.J.Medical College and Research Hospital,NH-4, Dandupalya, Kolathur -,Post, Hoskote,Channasandra, Bangalore",MBBS,OTH,,3612700,Allotted,30
2023,STRAY,KEA,STATE_KA,707774,707774,AIR,,"M.V.J.Medical College and Research Hospital,NH-4, Dandupalya, Kolathur -,Post, Hoskote,Channasandra, Bangalore",MBBS,OTH,,3612700,Allotted,30
2023,STRAY,KEA,STATE_KA,708847,708847,AIR,,"M.V.J.Medical College and Research Hospital,NH-4, Dandupalya, Kolathur -,Post, Hoskote,Channasandra, Bangalore",MBBS,OTH,,3612700,Allotted,30
2023,STRAY,KEA,STATE_KA,720835,720835,AIR,,"Al-Ameen Medical College,ADMINISTRATIVE BLOCK,Athani Road,VIJAYAPUR",MBBS,OTH,,3012700,Allotted,30
2023,STRAY,KEA,STATE_KA,722117,722117,AIR,,"Father Muller Institute of Med. Education & Research,Father Muller Road,Kankanady,Mangalore",MBBS,OTH,,3512700,Allotted,30
2023,STRAY,KEA,STATE_KA,723382,723382,AIR,,"Adichunchanagiri Institute of Medical Sciences,B.G Nagar,Nagamangal Tq,Bellur, Mandya Dist.",MBBS,OTH,,3215750,Allotted,30
2023,STRAY,KEA,STATE_KA,723544,723544,AIR,,"A.J.Institute of Medical Sciences,NH - 66, Kuntikana,Mangalore",MBBS,OTH,,4012700,Allotted,30
2023,STRAY,KEA,STATE_KA,724277,724277,AIR,,"Al-Ameen Medical College,ADMINISTRATIVE BLOCK,Athani Road,VIJAYAPUR",MBBS,OTH,,3012700,Allotted,30
2023,STRAY,KEA,STATE_KA,730397,730397,AIR,,"The Oxford Medical College Hospital and Research Center,Yadavanahalli, Attibele Hobli,Anekal Taluk,Bangalore",MBBS,OTH,,3012700,Allotted,30
2023,STRAY,KEA,STATE_KA,732088,732088,AIR,,"M.V.J.Medical College and Research Hospital,NH-4, Dandupalya, Kolathur -,Post, Hoskote,Channasandra, Bangalore",MBBS,OTH,,3612700,Allotted,30
2023,STRAY,KEA,STATE_KA,738071,738071,AIR,,"Sri Basaveshwara Medical College and Hospital,NH-4, S.J.M.I.T Campus,Chitradurga",MBBS,OTH,,2812700,Allotted,30
2023,STRAY,KEA,STATE_KA,744206,744206,AIR,,"Vydehi Institute of Medical Science and Research Centre,No. 82,EPIP Area, Nallurahalli,Mahadevpura, White Field Road,Bangalore",MBBS,NRI,,4012700,Allotted,30
2023,STRAY,KEA,STATE_KA,758006,758006,AIR,,"The Oxford Medical College Hospital and Research Center,Yadavanahalli, Attibele Hobli,Anekal Taluk,Bangalore",MBBS,OTH,,3012700,Allotted,30
2023,STRAY,KEA,STATE_KA,758829,758829,AIR,,"Shymanuru Shivashankarappa Institute Of Medical Sciences,Jnanashankara, NH-4,Bypass Road,Davangere",MBBS,OTH,,3912700,Allotted,30
2023,STRAY,KEA,STATE_KA,766897,766897,AIR,,"Adichunchanagiri Institute of Medical Sciences,B.G Nagar,Nagamangal Tq,Bellur, Mandya Dist.",MBBS,OTH,,3215750,Allotted,30
2023,STRAY,KEA,STATE_KA,771422,771422,AIR,,"Sri Basaveshwara Medical College and Hospital,NH-4, S.J.M.I.T Campus,Chitradurga",MBBS,OTH,,2812700,Allotted,30
2023,STRAY,KEA,STATE_KA,780662,780662,AIR,,"Sapthagiri Institute of Medical Sciences,No.15, chikkasandra,Hesaraghatta main,Bangalore",MBBS,OTH,,4012700,Allotted,30
2023,STRAY,KEA,STATE_KA,783639,783639,AIR,,"M.V.J.Medical College and Research Hospital,NH-4, Dandupalya, Kolathur -,Post, Hoskote,Channasandra, Bangalore",MBBS,OTH,,3612700,Allotted,30
2023,STRAY,KEA,STATE_KA,790466,790466,AIR,,"Mahadevappa Rampure Medical College,Mahadevappa Rampure Marg,Sedam Road,Kalaburgi",MBBS,OTH,,3512700,Allotted,30
2023,STRAY,KEA,STATE_KA,810671,810671,AIR,,"M.V.J.Medical College and Research Hospital,NH-4, Dandupalya, Kolathur -,Post, Hoskote,Channasandra, Bangalore",MBBS,OTH,,3612700,Allotted,30
2023,STRAY,KEA,STATE_KA,826677,826677,AIR,,"M.V.J.Medical College and Research Hospital,NH-4, Dandupalya, Kolathur -,Post, Hoskote,Channasandra, Bangalore",MBBS,OTH,,3612700,Allotted,30
2023,STRAY,KEA,STATE_KA,841027,841027,AIR,,"M.V.J.Medical College and Research Hospital,NH-4, Dandupalya, Kolathur -,Post, Hoskote,Channasandra, Bangalore",MBBS,OTH,,3612700,Allotted,30
2023,STRAY,KEA,STATE_KA,871442,871442,AIR,,"Jaya Jagadguru Murugharajendra Medical College,Davangere,Davangere District",MBBS,OTH,,4512700,Allotted,30
2023,STRAY,KEA,STATE_KA,898171,898171,AIR,,"Mahadevappa Rampure Medical College,Mahadevappa Rampure Marg,Sedam Road,Kalaburgi",MBBS,OTH,,3512700,Allotted,30
2023,STRAY,KEA,STATE_KA,942939,942939,AIR,,"M.V.J.Medical College and Research Hospital,NH-4, Dandupalya, Kolathur -,Post, Hoskote,Channasandra, Bangalore",MBBS,OTH,,3612700,Allotted,30
2023,STRAY,KEA,STATE_KA,943435,943435,AIR,,"M.V.J.Medical College and Research Hospital,NH-4, Dandupalya, Kolathur -,Post, Hoskote,Channasandra, Bangalore",MBBS,OTH,,3612700,Allotted,30
2023,STRAY,KEA,STATE_KA,951002,951002,AIR,,"M.V.J.Medical College and Research Hospital,NH-4, Dandupalya, Kolathur -,Post, Hoskote,Channasandra, Bangalore",MBBS,OTH,,3612700,Allotted,30
2023,STRAY,KEA,STATE_KA,961525,961525,AIR,,"Sri Madhusudan Sai Institute of Medical Sciences and Research,Muddenahalli,CHIKKABALLAPURA (5 year Bond ,Conditions Apply.)",MBBS,OTH,,4015750,Allotted,30
2023,STRAY,KEA,STATE_KA,964994,964994,AIR,,"Shymanuru Shivashankarappa Institute Of Medical Sciences,Jnanashankara, NH-4,Bypass Road,Davangere",MBBS,OTH,,3912700,Allotted,30
2023,STRAY,KEA,STATE_KA,970774,970774,AIR,,"M.V.J.Medical College and Research Hospital,NH-4, Dandupalya, Kolathur -,Post, Hoskote,Channasandra, Bangalore",MBBS,OTH,,3612700,Allotted,30
2023,STRAY,KEA,STATE_KA,973879,973879,AIR,,"Sapthagiri Institute of Medical Sciences,No.15, chikkasandra,Hesaraghatta main,Bangalore",MBBS,OTH,,4012700,Allotted,30
2023,STRAY,KEA,STATE_KA,979938,979938,AIR,,"Jaya Jagadguru Murugharajendra Medical College,Davangere,Davangere District",MBBS,OTH,,4512700,Allotted,30
2023,STRAY,KEA,STATE_KA,988187,988187,AIR,,"Mahadevappa Rampure Medical College,Mahadevappa Rampure Marg,Sedam Road,Kalaburgi",MBBS,OTH,,3512700,Allotted,30
2023,STRAY,KEA,STATE_KA,1005080,1005080,AIR,,"Sapthagiri Institute of Medical Sciences,No.15, chikkasandra,Hesaraghatta main,Bangalore",MBBS,OTH,,4012700,Allotted,30
2023,STRAY,KEA,STATE_KA,1009924,1009924,AIR,,"Sapthagiri Institute of Medical Sciences,No.15, chikkasandra,Hesaraghatta main,Bangalore",MBBS,OTH,,4012700,Allotted,30
2023,STRAY,KEA,STATE_KA,1054797,1054797,AIR,,"S. Nijalingappa Medical College and Research Centre,Navanagara,Bagalkot",MBBS,OTH,,3512700,Allotted,30
2023,STRAY,KEA,STATE_KA,1151392,1151392,AIR,,"S. Nijalingappa Medical College and Research Centre,Navanagara,Bagalkot",MBBS,OTH,,3512700,Allotted,30
